;Date;No_cases;Workplace;Events;Daycare;Higher Education;Secondary Education;Primary Education;Restaurants/Cafes;Transport;Entertainment;Sports;Indoor;Masks;MassGather50;MassGatherAll;Shops;Outdoor;Religion;Gatherings;Stayhome;Telework;Prikken;Rolling_R;perc_randstad;perc_under_30;perc_M
0;2020-02-25;0.010736440273580405;0.0;0.0;0.0;0.0;0.0;0.0;0.0;0.0;0.0;0.0;0.0;0.0;0.0;0.0;0.0;0.0;0.0;0.0;0.0;0.0;0.0;3.1354781198983;0.3925925925925926;0.13333333333333333;0.42962962962962964
1;2020-02-26;0.01129314458406235;0.0;0.0;0.0;0.0;0.0;0.0;0.0;0.0;0.0;0.0;0.0;0.0;0.0;0.0;0.0;0.0;0.0;0.0;0.0;0.0;0.0;2.9148539342815845;0.3591549295774648;0.07746478873239436;0.5140845070422535
2;2020-02-27;0.01033879433752187;0.0;0.0;0.0;0.0;0.0;0.0;0.0;0.0;0.0;0.0;0.0;0.0;0.0;0.0;0.0;0.0;0.0;0.0;0.0;0.0;0.0;2.665936623349802;0.34615384615384615;0.15384615384615385;0.5538461538461539
3;2020-02-28;0.011134086209638938;0.0;0.0;0.0;0.0;0.0;0.0;0.0;0.0;0.0;0.0;0.0;0.0;0.0;0.0;0.0;0.0;0.0;0.0;0.0;0.0;0.0;2.4226094560292406;0.2857142857142857;0.12142857142857143;0.4785714285714286
4;2020-02-29;0.013281374264355019;0.0;0.0;0.0;0.0;0.0;0.0;0.0;0.0;0.0;0.0;0.0;0.0;0.0;0.0;0.0;0.0;0.0;0.0;0.0;0.0;0.0;2.213713763000137;0.30538922155688625;0.0658682634730539;0.5089820359281437
5;2020-03-01;0.01638301256561158;0.0;0.0;0.0;0.0;0.0;0.0;0.0;0.0;0.0;0.0;0.0;0.0;0.0;0.0;0.0;0.0;0.0;0.0;0.0;0.0;0.0;2.0560880008081;0.33495145631067963;0.05339805825242718;0.5048543689320388
6;2020-03-02;0.019882296802926674;0.0;0.0;0.0;0.0;0.0;0.0;0.0;0.0;0.0;0.0;0.0;0.0;0.0;0.0;0.0;0.0;0.0;0.0;0.0;0.0;0.0;1.9627782876126583;0.328;0.092;0.528
7;2020-03-03;0.02027994273898521;0.0;0.0;0.0;0.0;0.0;0.0;0.0;0.0;0.0;0.0;0.0;0.0;0.0;0.0;0.0;0.0;0.0;0.0;0.0;0.0;0.0;1.923544670727594;0.33725490196078434;0.0784313725490196;0.47058823529411764
8;2020-03-04;0.035549546683632895;0.0;0.0;0.0;0.0;0.0;0.0;0.0;0.0;0.0;0.0;0.0;0.0;0.0;0.0;0.0;0.0;0.0;0.0;0.0;0.0;0.0;1.918885216220711;0.37583892617449666;0.07829977628635347;0.5145413870246085
9;2020-03-05;0.034515667249880706;0.0;0.0;0.0;0.0;0.0;0.0;0.0;0.0;0.0;0.0;0.0;0.0;0.0;0.0;0.0;0.0;0.0;0.0;0.0;0.0;0.0;1.9290426471000666;0.347926267281106;0.07603686635944701;0.511520737327189
10;2020-03-06;0.04167329409893431;0.0;0.0;0.0;0.0;0.0;0.0;0.0;0.0;0.0;0.0;0.0;0.0;0.0;0.0;0.0;0.0;0.0;0.0;0.0;0.0;0.0;1.9310052929082162;0.3797709923664122;0.08396946564885496;0.5038167938931297
11;2020-03-07;0.04557022427230794;0.0;0.0;0.0;0.0;0.0;0.0;0.0;0.0;0.0;0.0;0.0;0.0;0.0;0.0;0.0;0.0;0.0;0.0;0.0;0.0;0.0;1.911247987764808;0.36649214659685864;0.06980802792321117;0.4956369982547993
12;2020-03-08;0.0534436138062669;0.0;0.0;0.0;0.0;0.0;0.0;0.0;0.0;0.0;0.0;0.0;0.0;0.0;0.0;0.0;0.0;0.0;0.0;0.0;0.0;0.0;1.866855134101976;0.41517857142857145;0.0744047619047619;0.5178571428571429
13;2020-03-09;0.05567043104819469;0.0;0.0;0.0;0.0;0.0;0.0;0.0;0.0;0.0;0.0;0.0;0.0;0.0;0.0;0.0;0.0;0.0;0.0;0.0;0.0;0.0;1.7988497090474402;0.4014285714285714;0.07142857142857142;0.49857142857142855
14;2020-03-10;0.062271353586766345;0.0;0.0;0.0;0.0;0.0;0.0;0.0;0.0;0.0;0.0;0.0;0.0;0.0;0.0;0.0;0.0;0.0;0.0;0.0;0.0;0.0;1.7130623308511266;0.43167305236270753;0.08684546615581099;0.5185185185185185
15;2020-03-11;0.08620963893749006;0.0;0.0;0.0;0.0;0.0;0.0;0.0;0.0;0.0;0.0;0.0;0.0;0.0;0.0;0.0;0.0;0.0;0.0;0.0;0.0;0.0;1.618476406182622;0.41697416974169743;0.061808118081180814;0.5129151291512916
16;2020-03-12;0.06664545888341021;0.0;0.0;0.0;1.0;0.0;0.0;0.5;1.0;1.0;0.0;0.5;0.0;0.0;1.0;0.0;0.6666666666666666;0.0;0.0;0.0;1.0;0.0;1.5196878190404668;0.41408114558472553;0.06921241050119331;0.5059665871121718
17;2020-03-13;0.07022427230793701;0.0;0.0;0.0;1.0;0.0;0.0;0.5;1.0;1.0;0.0;0.5;0.0;0.0;1.0;0.0;0.6666666666666666;0.0;0.0;0.25;1.0;0.0;1.423600678035967;0.3929784824462061;0.05549263873159683;0.5164212910532276
18;2020-03-14;0.0664864005089868;0.0;0.0;0.0;1.0;0.0;0.0;0.5;1.0;1.0;0.0;0.5;0.0;0.0;1.0;0.0;0.6666666666666666;0.0;0.0;0.25;1.0;0.0;1.335500568033565;0.4126794258373206;0.056220095693779906;0.4868421052631579
19;2020-03-15;0.07968824558613011;0.0;0.0;0.0;1.0;0.0;0.0;1.0;1.0;1.0;0.0;0.5;0.0;0.0;1.0;0.0;0.6666666666666666;0.0;0.0;0.25;1.0;0.0;1.2577785002938517;0.39520958083832336;0.06686626746506986;0.5119760479041916
20;2020-03-16;0.07276920629871163;0.0;0.0;1.0;1.0;1.0;1.0;1.0;1.0;1.0;1.0;0.5;0.0;0.0;1.0;0.0;0.6666666666666666;1.0;0.0;0.25;1.0;0.0;1.1955550153072714;0.4065573770491803;0.0633879781420765;0.4808743169398907
21;2020-03-17;0.06585016701129315;0.0;0.0;1.0;1.0;1.0;1.0;1.0;1.0;1.0;1.0;0.5;0.0;0.0;1.0;0.0;0.6666666666666666;1.0;0.0;0.25;1.0;0.0;1.1472630512864235;0.41183574879227053;0.06521739130434782;0.4444444444444444
22;2020-03-18;0.09861619214251631;0.0;0.0;1.0;1.0;1.0;1.0;1.0;1.0;1.0;1.0;0.5;0.0;0.0;1.0;0.0;0.6666666666666666;1.0;0.0;0.75;1.0;0.0;1.1116206090063028;0.4088709677419355;0.07016129032258064;0.44193548387096776
23;2020-03-19;0.08008589152218865;0.0;0.0;1.0;1.0;1.0;1.0;1.0;1.0;1.0;1.0;0.5;0.0;0.0;1.0;0.0;0.6666666666666666;1.0;0.0;0.75;1.0;0.0;1.0839905934510272;0.41012909632572;0.06355511420059583;0.4538232373386296
24;2020-03-20;0.07984730396055352;0.0;0.0;1.0;1.0;1.0;1.0;1.0;1.0;1.0;1.0;0.5;0.0;0.0;1.0;0.0;0.6666666666666666;1.0;0.0;0.75;1.0;0.0;1.0612429464876127;0.40537848605577687;0.08067729083665338;0.3954183266932271
25;2020-03-21;0.06823604262764435;0.0;0.0;1.0;1.0;1.0;1.0;1.0;1.0;1.0;1.0;0.5;0.0;0.0;1.0;0.0;0.6666666666666666;1.0;0.0;0.75;1.0;0.0;1.041415576697627;0.3986013986013986;0.07226107226107226;0.41375291375291373
26;2020-03-22;0.0806425958326706;0.0;0.0;1.0;1.0;1.0;1.0;1.0;1.0;1.0;1.0;0.5;0.0;0.0;1.0;0.0;0.6666666666666666;1.0;0.0;0.75;1.0;0.0;1.0235846985402317;0.4428007889546351;0.09664694280078895;0.398422090729783
27;2020-03-23;0.07094003499284238;1.0;1.0;1.0;1.0;1.0;1.0;1.0;1.0;1.0;1.0;0.0;0.0;1.0;1.0;0.0;0.0;1.0;1.0;0.75;1.0;0.0;1.01122536070937;0.4260089686098655;0.12219730941704036;0.4047085201793722
28;2020-03-24;0.06449817082869413;1.0;1.0;1.0;1.0;1.0;1.0;1.0;1.0;1.0;1.0;0.0;0.0;1.0;1.0;0.0;0.0;1.0;1.0;0.75;1.0;0.0;1.0049194236475556;0.44512946979038226;0.09494451294697903;0.374845869297164
29;2020-03-25;0.08899316048989979;1.0;1.0;1.0;1.0;1.0;1.0;1.0;1.0;1.0;1.0;0.0;0.0;1.0;1.0;0.0;0.0;1.0;1.0;0.75;1.0;0.0;1.0066571303707663;0.4495084897229669;0.10098302055406613;0.3512064343163539
30;2020-03-26;0.07292826467313504;1.0;1.0;1.0;1.0;1.0;1.0;1.0;1.0;1.0;1.0;0.0;0.0;1.0;1.0;0.0;0.0;1.0;1.0;0.75;1.0;0.0;1.0145721109943977;0.44274809160305345;0.09923664122137404;0.36095965103598693
31;2020-03-27;0.09002703992365198;1.0;1.0;1.0;1.0;1.0;1.0;1.0;1.0;1.0;1.0;0.0;0.0;1.0;1.0;0.0;0.0;1.0;1.0;0.75;1.0;0.0;1.0254911633135593;0.4381625441696113;0.11130742049469965;0.31007067137809186
32;2020-03-28;0.08398282169556227;1.0;1.0;1.0;1.0;1.0;1.0;1.0;1.0;1.0;1.0;0.0;0.0;1.0;1.0;0.0;0.0;1.0;1.0;0.75;1.0;0.0;1.035467690231444;0.42234848484848486;0.10606060606060606;0.3162878787878788
33;2020-03-29;0.08080165420709401;1.0;1.0;1.0;1.0;1.0;1.0;1.0;1.0;1.0;1.0;0.0;0.0;1.0;1.0;0.0;0.0;1.0;1.0;0.75;1.0;0.0;1.0397667849376926;0.44586614173228345;0.13385826771653545;0.2854330708661417
34;2020-03-30;0.07865436615237792;1.0;1.0;1.0;1.0;1.0;1.0;1.0;1.0;1.0;1.0;0.0;0.0;1.0;1.0;0.0;0.0;1.0;1.0;0.75;1.0;0.0;1.0375994384550857;0.3943377148634985;0.1243680485338726;0.2810920121334681
35;2020-03-31;0.07229203117544139;1.0;1.0;1.0;1.0;1.0;1.0;1.0;1.0;1.0;1.0;0.0;0.0;1.0;1.0;0.0;0.0;1.0;1.0;0.75;1.0;0.0;1.0278548486881758;0.39383938393839385;0.1265126512651265;0.2816281628162816
36;2020-04-01;0.09845713376809288;1.0;1.0;1.0;1.0;1.0;1.0;1.0;1.0;1.0;1.0;0.0;0.0;1.0;1.0;0.0;0.0;1.0;1.0;0.75;1.0;0.0;1.0123083460057891;0.43537964458804523;0.1074313408723748;0.2956381260096931
37;2020-04-02;0.0770637824081438;1.0;1.0;1.0;1.0;1.0;1.0;1.0;1.0;1.0;1.0;0.0;0.0;1.0;1.0;0.0;0.0;1.0;1.0;0.75;1.0;0.0;0.9921580022518675;0.39525283797729616;0.11764705882352941;0.2889576883384933
38;2020-04-03;0.07929059965007158;1.0;1.0;1.0;1.0;1.0;1.0;1.0;1.0;1.0;1.0;0.0;0.0;1.0;1.0;0.0;0.0;1.0;1.0;0.75;1.0;0.0;0.9693647190059703;0.4383149448345035;0.1213640922768305;0.27382146439317956
39;2020-04-04;0.06982662637187848;1.0;1.0;1.0;1.0;1.0;1.0;1.0;1.0;1.0;1.0;0.0;0.0;1.0;1.0;0.0;0.0;1.0;1.0;0.75;1.0;0.0;0.9451430545013444;0.44533029612756264;0.12984054669703873;0.265375854214123
40;2020-04-05;0.07507555272785112;1.0;1.0;1.0;1.0;1.0;1.0;1.0;1.0;1.0;1.0;0.0;0.0;1.0;1.0;0.0;0.0;1.0;1.0;0.75;1.0;0.0;0.9207210258113018;0.4745762711864407;0.1271186440677966;0.2838983050847458
41;2020-04-06;0.05916971528550978;1.0;1.0;1.0;1.0;1.0;1.0;1.0;1.0;1.0;1.0;0.0;0.0;1.0;1.0;0.0;0.0;1.0;1.0;0.75;1.0;0.0;0.899097652407493;0.4825268817204301;0.12634408602150538;0.2567204301075269
42;2020-04-07;0.058453952600604424;1.0;1.0;1.0;1.0;1.0;1.0;1.0;1.0;1.0;1.0;0.0;0.0;1.0;1.0;0.0;0.0;1.0;1.0;0.75;1.0;0.0;0.8805770315402995;0.42857142857142855;0.11700680272108843;0.308843537414966
43;2020-04-08;0.06600922538571656;1.0;1.0;1.0;1.0;1.0;1.0;1.0;1.0;1.0;1.0;0.0;0.0;1.0;1.0;0.0;0.0;1.0;1.0;0.75;1.0;0.0;0.8673581017444872;0.44216867469879517;0.15421686746987953;0.2457831325301205
44;2020-04-09;0.0652934627008112;1.0;1.0;1.0;1.0;1.0;1.0;1.0;1.0;1.0;1.0;0.0;0.0;1.0;1.0;0.0;0.0;1.0;1.0;0.75;1.0;0.0;0.8579760341467245;0.4543239951278928;0.13520097442143728;0.2789281364190012
45;2020-04-10;0.06076029902974392;1.0;1.0;1.0;1.0;1.0;1.0;1.0;1.0;1.0;1.0;0.0;0.0;1.0;1.0;0.0;0.0;1.0;1.0;0.75;1.0;0.0;0.8505953878508142;0.47643979057591623;0.13612565445026178;0.2761780104712042
46;2020-04-11;0.05161444250039764;1.0;1.0;1.0;1.0;1.0;1.0;1.0;1.0;1.0;1.0;0.0;0.0;1.0;1.0;0.0;0.0;1.0;1.0;0.75;1.0;0.0;0.8434932124766903;0.4869029275808937;0.12788906009244994;0.2588597842835131
47;2020-04-12;0.04978527119452839;1.0;1.0;1.0;1.0;1.0;1.0;1.0;1.0;1.0;1.0;0.0;0.0;1.0;1.0;0.0;0.0;1.0;1.0;0.75;1.0;0.0;0.8338761423027933;0.4504792332268371;0.15175718849840256;0.2476038338658147
48;2020-04-13;0.04549069508509623;1.0;1.0;1.0;1.0;1.0;1.0;1.0;1.0;1.0;1.0;0.0;0.0;1.0;1.0;0.0;0.0;1.0;1.0;0.75;1.0;0.0;0.8224551171524365;0.4405594405594406;0.14685314685314685;0.270979020979021
49;2020-04-14;0.03888977254652457;1.0;1.0;1.0;1.0;1.0;1.0;1.0;1.0;1.0;1.0;0.0;0.0;1.0;1.0;0.0;0.0;1.0;1.0;0.75;1.0;0.0;0.8092539662987048;0.4601226993865031;0.1656441717791411;0.21881390593047034
50;2020-04-15;0.05296643868299666;1.0;1.0;1.0;1.0;1.0;1.0;1.0;1.0;1.0;1.0;0.0;0.0;1.0;1.0;0.0;0.0;1.0;1.0;0.75;1.0;0.0;0.7956870178781495;0.4924924924924925;0.12012012012012012;0.25975975975975973
51;2020-04-16;0.03849212661046604;1.0;1.0;1.0;1.0;1.0;1.0;1.0;1.0;1.0;1.0;0.0;0.0;1.0;1.0;0.0;0.0;1.0;1.0;0.75;1.0;0.0;0.7826798431700231;0.48760330578512395;0.11570247933884298;0.3119834710743802
52;2020-04-17;0.03372037537776364;1.0;1.0;1.0;1.0;1.0;1.0;1.0;1.0;1.0;1.0;0.0;0.0;1.0;1.0;0.0;0.0;1.0;1.0;0.75;1.0;0.0;0.7708491056864109;0.4716981132075472;0.12735849056603774;0.30660377358490565
53;2020-04-18;0.030141561953236837;1.0;1.0;1.0;1.0;1.0;1.0;1.0;1.0;1.0;1.0;0.0;0.0;1.0;1.0;0.0;0.0;1.0;1.0;0.75;1.0;0.0;0.761235074724973;0.48812664907651715;0.1662269129287599;0.24802110817941952
54;2020-04-19;0.03173214569747097;1.0;1.0;1.0;1.0;1.0;1.0;1.0;1.0;1.0;1.0;0.0;0.0;1.0;1.0;0.0;0.0;1.0;1.0;0.75;1.0;0.0;0.7547168031376644;0.5213032581453634;0.13784461152882205;0.24561403508771928
55;2020-04-20;0.025926515031016385;1.0;1.0;1.0;1.0;1.0;1.0;1.0;1.0;1.0;1.0;0.0;0.0;1.0;1.0;0.0;0.0;1.0;1.0;0.75;1.0;0.0;0.7531253583426382;0.5337423312883436;0.17791411042944785;0.3128834355828221
56;2020-04-21;0.021950055670431047;1.0;1.0;1.0;1.0;1.0;1.0;1.0;1.0;1.0;1.0;0.0;0.0;1.0;1.0;0.0;0.0;1.0;1.0;0.75;1.0;0.0;0.7574169730018426;0.4420289855072464;0.13768115942028986;0.30434782608695654
57;2020-04-22;0.029425799268331478;1.0;1.0;1.0;1.0;1.0;1.0;1.0;1.0;1.0;1.0;0.0;0.0;1.0;1.0;0.0;0.0;1.0;1.0;0.75;1.0;0.0;0.7678695993526763;0.4864864864864865;0.12702702702702703;0.32432432432432434
58;2020-04-23;0.027517098775250517;1.0;1.0;1.0;1.0;1.0;1.0;1.0;1.0;1.0;1.0;0.0;0.0;1.0;1.0;0.0;0.0;1.0;1.0;0.75;1.0;0.0;0.7816473829493772;0.5057803468208093;0.16184971098265896;0.2947976878612717
59;2020-04-24;0.023461110227453476;1.0;1.0;1.0;1.0;1.0;1.0;1.0;1.0;1.0;1.0;0.0;0.0;1.0;1.0;0.0;0.0;1.0;1.0;0.75;1.0;0.0;0.796657848010135;0.576271186440678;0.12542372881355932;0.2542372881355932
60;2020-04-25;0.019802767615714967;1.0;1.0;1.0;1.0;1.0;1.0;1.0;1.0;1.0;1.0;0.0;0.0;1.0;1.0;0.0;0.0;1.0;1.0;0.75;1.0;0.0;0.8097165288951274;0.5100401606425703;0.13654618473895583;0.3092369477911647
61;2020-04-26;0.02338158104024177;1.0;1.0;1.0;1.0;1.0;1.0;1.0;1.0;1.0;1.0;0.0;0.0;1.0;1.0;0.0;0.0;1.0;1.0;0.75;1.0;0.0;0.8181398239897402;0.5476190476190477;0.11224489795918367;0.2857142857142857
62;2020-04-27;0.01853030062032766;1.0;1.0;1.0;1.0;1.0;1.0;1.0;1.0;1.0;1.0;0.0;0.0;1.0;1.0;0.0;0.0;1.0;1.0;0.75;1.0;0.0;0.8233117631711624;0.47639484978540775;0.1630901287553648;0.30042918454935624
63;2020-04-28;0.019087004930809608;1.0;1.0;1.0;1.0;1.0;1.0;1.0;1.0;1.0;1.0;0.0;0.0;1.0;1.0;0.0;0.0;1.0;1.0;0.75;1.0;0.0;0.8250111611014664;0.4791666666666667;0.1375;0.3333333333333333
64;2020-04-29;0.02147288054716081;1.0;1.0;1.0;1.0;1.0;1.0;1.0;1.0;1.0;0.5;0.0;0.0;1.0;1.0;0.0;0.0;1.0;1.0;0.75;1.0;0.0;0.8256129071228673;0.5925925925925926;0.13703703703703704;0.32222222222222224
65;2020-04-30;0.015269603944647686;1.0;1.0;1.0;1.0;1.0;1.0;1.0;1.0;1.0;0.5;0.0;0.0;1.0;1.0;0.0;0.0;1.0;1.0;0.75;1.0;0.0;0.8267500837176783;0.4479166666666667;0.16145833333333334;0.3333333333333333
66;2020-05-01;0.017496421186575472;1.0;1.0;1.0;1.0;1.0;1.0;1.0;1.0;1.0;0.5;0.0;0.0;1.0;1.0;0.0;0.0;1.0;1.0;0.75;1.0;0.0;0.82911621242865;0.5;0.12727272727272726;0.35454545454545455
67;2020-05-02;0.015587720693494513;1.0;1.0;1.0;1.0;1.0;1.0;1.0;1.0;1.0;0.5;0.0;0.0;1.0;1.0;0.0;0.0;1.0;1.0;0.75;1.0;0.0;0.8338090634584135;0.6785714285714286;0.14795918367346939;0.34183673469387754
68;2020-05-03;0.014633370446954033;1.0;1.0;1.0;1.0;1.0;1.0;1.0;1.0;1.0;0.5;0.0;0.0;1.0;1.0;0.0;0.0;1.0;1.0;0.75;1.0;0.0;0.8402307601946385;0.5760869565217391;0.15217391304347827;0.3858695652173913
69;2020-05-04;0.01495148719580086;1.0;1.0;1.0;1.0;1.0;1.0;1.0;1.0;1.0;0.5;0.0;0.0;1.0;1.0;0.0;0.0;1.0;1.0;0.75;1.0;0.0;0.848830137426698;0.5585106382978723;0.20212765957446807;0.2925531914893617
70;2020-05-05;0.013997136949260379;1.0;1.0;1.0;1.0;1.0;1.0;1.0;1.0;1.0;0.5;0.0;0.0;1.0;1.0;0.0;0.0;1.0;1.0;0.75;1.0;0.0;0.8587078082507956;0.625;0.21022727272727273;0.3522727272727273
71;2020-05-06;0.01853030062032766;1.0;1.0;1.0;1.0;1.0;1.0;1.0;1.0;1.0;0.5;0.0;0.0;1.0;1.0;0.0;0.0;1.0;1.0;0.75;1.0;0.0;0.8690690127075431;0.51931330472103;0.15450643776824036;0.33905579399141633
72;2020-05-07;0.013281374264355019;1.0;1.0;1.0;1.0;1.0;1.0;1.0;1.0;1.0;0.5;0.0;0.0;1.0;1.0;0.0;0.0;1.0;1.0;0.75;1.0;0.0;0.8788001886350976;0.6407185628742516;0.1497005988023952;0.3473053892215569
73;2020-05-08;0.012883728328296484;1.0;1.0;1.0;1.0;1.0;1.0;1.0;1.0;1.0;0.5;0.0;0.0;1.0;1.0;0.0;0.0;1.0;1.0;0.75;1.0;0.0;0.8892764543965893;0.6728395061728395;0.1728395061728395;0.3950617283950617
74;2020-05-09;0.010179735963098457;1.0;1.0;1.0;1.0;1.0;1.0;1.0;1.0;1.0;0.5;0.0;0.0;1.0;1.0;0.0;0.0;1.0;1.0;0.75;1.0;0.0;0.9020497720291583;0.4921875;0.1875;0.3828125
75;2020-05-10;0.013281374264355019;1.0;1.0;1.0;1.0;1.0;1.0;1.0;1.0;1.0;0.5;0.0;0.0;1.0;1.0;0.0;0.0;1.0;1.0;0.75;1.0;0.0;0.9195055129942321;0.5389221556886228;0.1437125748502994;0.33532934131736525
76;2020-05-11;0.01153173214569747;1.0;1.0;0.0;1.0;1.0;0.5;1.0;1.0;1.0;0.5;0.0;0.0;1.0;1.0;0.0;0.0;1.0;1.0;0.5;1.0;0.0;0.9449748289244077;0.45517241379310347;0.22758620689655173;0.3724137931034483
77;2020-05-12;0.01566724988070622;1.0;1.0;0.0;1.0;1.0;0.5;1.0;1.0;1.0;0.5;0.0;0.0;1.0;1.0;0.0;0.0;1.0;1.0;0.5;1.0;0.0;0.9759902803858596;0.5076142131979695;0.233502538071066;0.45685279187817257
78;2020-05-13;0.016462541752823287;1.0;1.0;0.0;1.0;1.0;0.5;1.0;1.0;1.0;0.5;0.0;0.0;1.0;1.0;0.0;0.0;1.0;1.0;0.5;1.0;0.0;1.0087045040056803;0.5410628019323671;0.22705314009661837;0.34299516908212563
79;2020-05-14;0.012963257515508192;1.0;1.0;0.0;1.0;1.0;0.5;1.0;1.0;1.0;0.5;0.0;0.0;1.0;1.0;0.0;0.0;1.0;1.0;0.5;1.0;0.0;1.0362100814561948;0.4539877300613497;0.26380368098159507;0.4171779141104294
80;2020-05-15;0.015110545570224272;1.0;1.0;0.0;1.0;1.0;0.5;1.0;1.0;1.0;0.5;0.0;0.0;1.0;1.0;0.0;0.0;1.0;1.0;0.5;1.0;0.0;1.051522320146169;0.42105263157894735;0.23157894736842105;0.4473684210526316
81;2020-05-16;0.019325592492444726;1.0;1.0;0.0;1.0;1.0;0.5;1.0;1.0;1.0;0.5;0.0;0.0;1.0;1.0;0.0;0.0;1.0;1.0;0.5;1.0;0.0;1.0515527707924415;0.49382716049382713;0.2757201646090535;0.39094650205761317
82;2020-05-17;0.013122315889931605;1.0;1.0;0.0;1.0;1.0;0.5;1.0;1.0;1.0;0.5;0.0;0.0;1.0;1.0;0.0;0.0;1.0;1.0;0.5;1.0;0.0;1.036020211366273;0.5393939393939394;0.21818181818181817;0.46060606060606063
83;2020-05-18;0.011611261332909177;1.0;1.0;0.0;1.0;1.0;0.5;1.0;1.0;1.0;0.5;0.0;0.0;1.0;1.0;0.0;0.0;1.0;1.0;0.5;1.0;0.0;1.0099937751936612;0.4931506849315068;0.22602739726027396;0.4726027397260274
84;2020-05-19;0.009702560839828216;1.0;1.0;0.0;1.0;1.0;0.5;1.0;1.0;1.0;0.5;0.0;0.0;1.0;1.0;0.0;0.0;1.0;1.0;0.5;1.0;0.0;0.9800359697880519;0.4672131147540984;0.2459016393442623;0.47540983606557374
85;2020-05-20;0.015508191506282807;1.0;1.0;0.0;1.0;1.0;0.5;1.0;1.0;1.0;0.5;0.0;0.0;1.0;1.0;0.0;0.0;1.0;1.0;0.5;1.0;0.0;0.9531692206976339;0.5384615384615384;0.26153846153846155;0.46153846153846156
86;2020-05-21;0.014076666136472085;1.0;1.0;0.0;1.0;1.0;0.5;1.0;1.0;1.0;0.5;0.0;0.0;1.0;1.0;0.0;0.0;1.0;1.0;0.5;1.0;0.0;0.9343436297157621;0.4632768361581921;0.2994350282485876;0.4293785310734463
87;2020-05-22;0.012486082392237951;1.0;1.0;0.0;1.0;1.0;0.5;1.0;1.0;1.0;0.5;0.0;0.0;1.0;1.0;0.0;0.0;1.0;1.0;0.5;1.0;0.0;0.9251313214956298;0.5923566878980892;0.2929936305732484;0.445859872611465
88;2020-05-23;0.01153173214569747;1.0;1.0;0.0;1.0;1.0;0.5;1.0;1.0;1.0;0.5;0.0;0.0;1.0;1.0;0.0;0.0;1.0;1.0;0.5;1.0;0.0;0.9241440321494565;0.5172413793103449;0.2689655172413793;0.45517241379310347
89;2020-05-24;0.011372673771274058;1.0;1.0;0.0;1.0;1.0;0.5;1.0;1.0;1.0;0.5;0.0;0.0;1.0;1.0;0.0;0.0;1.0;1.0;0.5;1.0;0.0;0.9287415915710558;0.6013986013986014;0.27972027972027974;0.45454545454545453
90;2020-05-25;0.012167965643391124;1.0;1.0;0.0;1.0;1.0;0.5;1.0;1.0;1.0;0.5;0.0;0.0;1.0;1.0;0.0;0.0;1.0;1.0;0.5;1.0;0.0;0.9372345831795217;0.48366013071895425;0.28104575163398693;0.47058823529411764
91;2020-05-26;0.010736440273580405;1.0;1.0;0.0;1.0;1.0;0.5;1.0;1.0;1.0;0.5;0.0;0.0;1.0;1.0;0.0;0.0;1.0;1.0;0.5;1.0;0.0;0.9467937460833994;0.5555555555555556;0.21481481481481482;0.4
92;2020-05-27;0.013122315889931605;1.0;1.0;0.0;1.0;1.0;0.5;1.0;1.0;1.0;0.5;0.0;0.0;1.0;1.0;0.0;0.0;1.0;1.0;0.5;1.0;0.0;0.9575207788519715;0.6545454545454545;0.296969696969697;0.47878787878787876
93;2020-05-28;0.012406553205026245;1.0;1.0;0.0;1.0;1.0;0.5;1.0;1.0;1.0;0.5;0.0;0.0;1.0;1.0;0.0;0.0;1.0;1.0;0.5;1.0;0.0;0.9675615578851262;0.5576923076923077;0.21153846153846154;0.40384615384615385
94;2020-05-29;0.012406553205026245;1.0;1.0;0.0;1.0;1.0;0.5;1.0;1.0;1.0;0.5;0.0;0.0;1.0;1.0;0.0;0.0;1.0;1.0;0.5;1.0;0.0;0.9748974734433763;0.5128205128205128;0.26282051282051283;0.44871794871794873
95;2020-05-30;0.011611261332909177;1.0;1.0;0.0;1.0;1.0;0.5;1.0;1.0;1.0;0.5;0.0;0.0;1.0;1.0;0.0;0.0;1.0;1.0;0.5;1.0;0.0;0.9788023317772347;0.636986301369863;0.3424657534246575;0.3972602739726027
96;2020-05-31;0.01224749483060283;1.0;1.0;0.0;1.0;1.0;0.5;1.0;1.0;1.0;0.5;0.0;0.0;1.0;1.0;0.0;0.0;1.0;1.0;0.5;1.0;0.0;0.9774660693606523;0.6298701298701299;0.2792207792207792;0.42207792207792205
97;2020-06-01;0.011054557022427232;1.0;0.0;0.0;1.0;1.0;0.5;0.5;0.0;0.5;0.5;0.5;0.3333333333333333;0.0;1.0;0.0;0.0;0.5;1.0;0.5;0.5;0.0;0.9728691925844285;0.539568345323741;0.2733812949640288;0.4316546762589928
98;2020-06-02;0.009225385716557977;1.0;0.0;0.0;1.0;0.5;0.5;0.5;0.0;0.5;0.5;0.5;0.3333333333333333;0.0;1.0;0.0;0.0;0.5;1.0;0.25;0.5;0.0;0.9659514316704813;0.5862068965517241;0.31896551724137934;0.35344827586206895
99;2020-06-03;0.012883728328296484;1.0;0.0;0.0;1.0;0.5;0.5;0.5;0.0;0.5;0.5;0.5;0.3333333333333333;0.0;1.0;0.0;0.0;0.5;1.0;0.25;0.5;0.0;0.958291623087366;0.6296296296296297;0.35185185185185186;0.4444444444444444
100;2020-06-04;0.010815969460792111;1.0;0.0;0.0;1.0;0.5;0.5;0.5;0.0;0.5;0.5;0.5;0.3333333333333333;0.0;1.0;0.0;0.0;0.5;1.0;0.25;0.5;0.0;0.94988040085758;0.5808823529411765;0.3235294117647059;0.4485294117647059
101;2020-06-05;0.012804199141084778;1.0;0.0;0.0;1.0;0.5;0.5;0.5;0.0;0.5;0.5;0.5;0.3333333333333333;0.0;1.0;0.0;0.0;0.5;1.0;0.25;0.5;0.0;0.9390987382885615;0.5714285714285714;0.32298136645962733;0.4906832298136646
102;2020-06-06;0.00986161921425163;1.0;0.0;0.0;1.0;0.5;0.5;0.5;0.0;0.5;0.5;0.5;0.3333333333333333;0.0;1.0;0.0;0.0;0.5;1.0;0.25;0.5;0.0;0.9244509042240916;0.6532258064516129;0.3790322580645161;0.4112903225806452
103;2020-06-07;0.009463973278193098;1.0;0.0;0.0;1.0;0.5;0.5;0.5;0.0;0.5;0.5;0.5;0.3333333333333333;0.0;1.0;0.0;0.0;0.5;1.0;0.25;0.5;0.0;0.9034848055628704;0.6554621848739496;0.21008403361344538;0.4957983193277311
104;2020-06-08;0.009066327342134563;1.0;0.0;0.5;1.0;0.5;0.5;0.5;0.0;0.5;0.5;0.5;0.3333333333333333;0.0;1.0;0.0;0.0;0.5;1.0;0.25;0.5;0.0;0.877044451421635;0.6578947368421053;0.34210526315789475;0.4473684210526316
105;2020-06-09;0.008748210593287736;1.0;0.0;0.5;1.0;0.5;0.0;0.5;0.0;0.5;0.5;0.5;0.3333333333333333;0.0;1.0;0.0;0.0;0.5;1.0;0.25;0.5;0.0;0.8458618144165246;0.5454545454545454;0.39090909090909093;0.4909090909090909
106;2020-06-10;0.00914585652934627;1.0;0.0;0.5;1.0;0.5;0.0;0.5;0.0;0.5;0.5;0.5;0.3333333333333333;0.0;1.0;0.0;0.0;0.5;1.0;0.25;0.5;0.0;0.8137773405055825;0.6347826086956522;0.28695652173913044;0.5478260869565217
107;2020-06-11;0.005885159853666296;1.0;0.0;0.5;1.0;0.5;0.0;0.5;0.0;0.5;0.5;0.5;0.3333333333333333;0.0;1.0;0.0;0.0;0.5;1.0;0.25;0.5;0.0;0.7850170518955717;0.4864864864864865;0.3108108108108108;0.4594594594594595
108;2020-06-12;0.006441864164148242;1.0;0.0;0.5;1.0;0.5;0.0;0.5;0.0;0.5;0.5;0.5;0.3333333333333333;0.0;1.0;0.0;0.0;0.5;1.0;0.25;0.5;0.0;0.7640918822093431;0.6666666666666666;0.2962962962962963;0.4074074074074074
109;2020-06-13;0.005328455543184348;1.0;0.0;0.5;1.0;0.5;0.0;0.5;0.0;0.5;0.5;0.5;0.3333333333333333;0.0;1.0;0.0;0.0;0.5;1.0;0.25;0.5;0.0;0.7563225733933968;0.6268656716417911;0.417910447761194;0.44776119402985076
110;2020-06-14;0.004851280419914108;1.0;0.0;0.5;1.0;0.5;0.0;0.5;0.0;0.5;0.5;0.5;0.3333333333333333;0.0;1.0;0.0;0.0;0.5;1.0;0.25;0.5;0.0;0.7631985162165857;0.6721311475409836;0.3114754098360656;0.4918032786885246
111;2020-06-15;0.0054079847303960555;1.0;0.0;0.5;0.5;0.5;0.0;0.5;0.0;0.5;0.5;0.5;0.3333333333333333;0.0;1.0;0.0;0.0;0.5;1.0;0.25;0.5;0.0;0.7877240485561801;0.7352941176470589;0.3382352941176471;0.5
112;2020-06-16;0.004374105296643868;1.0;0.0;0.5;0.5;0.5;0.0;0.5;0.0;0.5;0.5;0.5;0.3333333333333333;0.0;1.0;0.0;0.0;0.5;1.0;0.25;0.5;0.0;0.8262997731720001;0.5636363636363636;0.3090909090909091;0.4
113;2020-06-17;0.007316685223477016;1.0;0.0;0.5;0.5;0.5;0.0;0.5;0.0;0.5;0.5;0.5;0.3333333333333333;0.0;1.0;0.0;0.0;0.5;1.0;0.25;0.5;0.0;0.8738298643020858;0.6521739130434783;0.32608695652173914;0.44565217391304346
114;2020-06-18;0.005885159853666296;1.0;0.0;0.5;0.5;0.5;0.0;0.5;0.0;0.5;0.5;0.5;0.3333333333333333;0.0;1.0;0.0;0.0;0.5;1.0;0.25;0.5;0.0;0.9218315008556393;0.6486486486486487;0.32432432432432434;0.47297297297297297
115;2020-06-19;0.0069985684746301895;1.0;0.0;0.5;0.5;0.5;0.0;0.5;0.0;0.5;0.5;0.5;0.3333333333333333;0.0;1.0;0.0;0.0;0.5;1.0;0.25;0.5;0.0;0.9606712151419701;0.6477272727272727;0.23863636363636365;0.4659090909090909
116;2020-06-20;0.0058056306664545886;1.0;0.0;0.5;0.5;0.5;0.0;0.5;0.0;0.5;0.5;0.5;0.3333333333333333;0.0;1.0;0.0;0.0;0.5;1.0;0.25;0.5;0.0;0.9848317826974277;0.726027397260274;0.3561643835616438;0.3561643835616438
117;2020-06-21;0.004533163671067281;1.0;0.0;0.5;0.5;0.5;0.0;0.5;0.0;0.5;0.5;0.5;0.3333333333333333;0.0;1.0;0.0;0.0;0.5;1.0;0.25;0.5;0.0;0.9913508616589048;0.6491228070175439;0.3508771929824561;0.5789473684210527
118;2020-06-22;0.005726101479242882;1.0;0.0;0.5;0.5;0.5;0.0;0.5;0.0;0.5;0.5;0.5;0.3333333333333333;0.0;1.0;0.0;0.0;0.5;1.0;0.25;0.5;0.0;0.9838521097566937;0.7361111111111112;0.3472222222222222;0.5555555555555556
119;2020-06-23;0.0046126928582789885;1.0;0.0;0.5;0.5;0.5;0.0;0.5;0.0;0.5;0.5;0.5;0.3333333333333333;0.0;1.0;0.0;0.0;0.5;1.0;0.25;0.5;0.0;0.9675456985859693;0.7068965517241379;0.3620689655172414;0.5344827586206896
120;2020-06-24;0.0062032766025131225;1.0;0.0;0.5;0.5;0.5;0.0;0.5;0.0;0.5;0.5;0.5;0.3333333333333333;0.0;1.0;0.0;0.0;0.5;1.0;0.25;0.5;0.0;0.9501474423397829;0.6666666666666666;0.32051282051282054;0.44871794871794873
121;2020-06-25;0.005169397168760935;1.0;0.0;0.5;0.5;0.5;0.0;0.5;0.0;0.5;0.5;0.5;0.3333333333333333;0.0;1.0;0.0;0.0;0.5;1.0;0.25;0.5;0.0;0.9369752509939099;0.6923076923076923;0.38461538461538464;0.47692307692307695
122;2020-06-26;0.0054079847303960555;1.0;0.0;0.5;0.5;0.5;0.0;0.5;0.0;0.5;0.5;0.5;0.3333333333333333;0.0;1.0;0.0;0.0;0.5;1.0;0.25;0.5;0.0;0.9325757461696877;0.7352941176470589;0.5;0.5147058823529411
123;2020-06-27;0.0046126928582789885;1.0;0.0;0.5;0.5;0.5;0.0;0.5;0.0;0.5;0.5;0.5;0.3333333333333333;0.0;1.0;0.0;0.0;0.5;1.0;0.0;0.5;0.0;0.9420426084031587;0.6551724137931034;0.3620689655172414;0.46551724137931033
124;2020-06-28;0.0038174009861619215;1.0;0.0;0.5;0.5;0.5;0.0;0.5;0.0;0.5;0.5;0.5;0.3333333333333333;0.0;1.0;0.0;0.0;0.5;1.0;0.0;0.5;0.0;0.96617045196601;0.7291666666666666;0.4583333333333333;0.4375
125;2020-06-29;0.004215046922220455;1.0;0.0;0.5;0.5;0.5;0.0;0.5;0.0;0.5;0.5;0.5;0.3333333333333333;0.0;1.0;0.0;0.0;0.5;1.0;0.0;0.5;0.0;1.0108373299858107;0.6037735849056604;0.32075471698113206;0.37735849056603776
126;2020-06-30;0.004374105296643868;1.0;0.0;0.5;0.5;0.5;0.0;0.5;0.0;0.5;0.5;0.5;0.3333333333333333;0.0;1.0;0.0;0.0;0.5;1.0;0.0;0.5;0.0;1.074660308715302;0.6909090909090909;0.32727272727272727;0.45454545454545453
127;2020-07-01;0.007555272785112136;1.0;0.0;0.5;0.5;0.0;0.0;0.5;0.0;0.5;0.0;0.5;0.3333333333333333;0.0;0.5;0.0;0.3333333333333333;0.0;0.0;0.0;0.5;0.0;1.1556986582138447;0.7684210526315789;0.3684210526315789;0.4
128;2020-07-02;0.0069985684746301895;1.0;0.0;0.0;0.5;0.0;0.0;0.5;0.0;0.5;0.0;0.5;0.3333333333333333;0.0;0.5;0.0;0.3333333333333333;0.0;0.0;0.0;0.5;0.0;1.244627088217798;0.7272727272727273;0.42045454545454547;0.4659090909090909
129;2020-07-03;0.008986798154922856;1.0;0.0;0.0;0.5;0.0;0.0;0.5;0.0;0.5;0.0;0.5;0.3333333333333333;0.0;0.5;0.0;0.3333333333333333;0.0;0.0;0.0;0.5;0.0;1.3285664861799424;0.5221238938053098;0.3805309734513274;0.5309734513274337
130;2020-07-04;0.008509623031652617;1.0;0.0;0.0;0.5;0.0;0.0;0.5;0.0;0.5;0.0;0.5;0.3333333333333333;0.0;0.5;0.0;0.3333333333333333;0.0;0.0;0.0;0.5;0.0;1.3967237523856026;0.719626168224299;0.32710280373831774;0.5046728971962616
131;2020-07-05;0.008589152218864323;1.0;0.0;0.0;0.5;0.0;0.0;0.5;0.0;0.5;0.0;0.5;0.3333333333333333;0.0;0.5;0.0;0.3333333333333333;0.0;0.0;0.0;0.5;0.0;1.4400705917769532;0.6481481481481481;0.32407407407407407;0.5092592592592593
132;2020-07-06;0.009225385716557977;1.0;0.0;0.0;0.5;0.0;0.0;0.5;0.0;0.5;0.0;0.5;0.3333333333333333;0.0;0.5;0.0;0.3333333333333333;0.0;0.0;0.0;0.5;0.0;1.4597932397173492;0.6637931034482759;0.3448275862068966;0.4827586206896552
133;2020-07-07;0.00914585652934627;1.0;0.0;0.0;0.5;0.0;0.0;0.5;0.0;0.5;0.0;0.5;0.3333333333333333;0.0;0.5;0.0;0.3333333333333333;0.0;0.0;0.0;0.5;0.0;1.4596898696459255;0.7304347826086957;0.2956521739130435;0.4956521739130435
134;2020-07-08;0.014712899634165739;1.0;0.0;0.0;0.5;0.0;0.0;0.5;0.0;0.5;0.0;0.5;0.3333333333333333;0.0;0.5;0.0;0.3333333333333333;0.0;0.0;0.0;0.5;0.0;1.4471922683933327;0.6864864864864865;0.32972972972972975;0.43783783783783786
135;2020-07-09;0.014076666136472085;1.0;0.0;0.0;0.5;0.0;0.0;0.5;0.0;0.5;0.0;0.5;0.3333333333333333;0.0;0.5;0.0;0.3333333333333333;0.0;0.0;0.0;0.5;0.0;1.425925329650623;0.7401129943502824;0.3672316384180791;0.4576271186440678
136;2020-07-10;0.016701129314458406;1.0;0.0;0.0;0.5;0.0;0.0;0.5;0.0;0.5;0.0;0.5;0.3333333333333333;0.0;0.5;0.0;0.3333333333333333;0.0;0.0;0.0;0.5;0.0;1.3980786992610934;0.7714285714285715;0.40476190476190477;0.5285714285714286
137;2020-07-11;0.011770319707332591;1.0;0.0;0.0;0.5;0.0;0.0;0.5;0.0;0.5;0.0;0.5;0.3333333333333333;0.0;0.5;0.0;0.3333333333333333;0.0;0.0;0.0;0.5;0.0;1.3645897820390025;0.7837837837837838;0.3918918918918919;0.46621621621621623
138;2020-07-12;0.014553841259742326;1.0;0.0;0.0;0.5;0.0;0.0;0.5;0.0;0.5;0.0;0.5;0.3333333333333333;0.0;0.5;0.0;0.3333333333333333;0.0;0.0;0.0;0.5;0.0;1.3264245449731598;0.7595628415300546;0.2677595628415301;0.4808743169398907
139;2020-07-13;0.013519961825990138;1.0;0.0;0.0;0.5;0.0;0.0;0.5;0.0;0.5;0.0;0.5;0.3333333333333333;0.0;0.5;0.0;0.3333333333333333;0.0;0.0;0.0;0.5;0.0;1.2917032627240133;0.7176470588235294;0.3235294117647059;0.48823529411764705
140;2020-07-14;0.015110545570224272;1.0;0.0;0.0;0.5;0.0;0.0;0.5;0.0;0.5;0.0;0.5;0.3333333333333333;0.0;0.5;0.0;0.3333333333333333;0.0;0.0;0.0;0.5;0.0;1.263613601577094;0.8052631578947368;0.3631578947368421;0.4368421052631579
141;2020-07-15;0.019405121679656433;1.0;0.0;0.0;0.5;0.0;0.0;0.5;0.0;0.5;0.0;0.5;0.3333333333333333;0.0;0.5;0.0;0.3333333333333333;0.0;0.0;0.0;0.5;0.0;1.248800315345374;0.7581967213114754;0.3483606557377049;0.5040983606557377
142;2020-07-16;0.018212183871480832;1.0;0.0;0.0;0.5;0.0;0.0;0.5;0.0;0.5;0.0;0.5;0.3333333333333333;0.0;0.5;0.0;0.3333333333333333;0.0;0.0;0.0;0.5;0.0;1.2475698573869398;0.7641921397379913;0.39737991266375544;0.462882096069869
143;2020-07-17;0.022824876729759823;1.0;0.0;0.0;0.5;0.0;0.0;0.5;0.0;0.5;0.0;0.5;0.3333333333333333;0.0;0.5;0.0;0.3333333333333333;0.0;0.0;0.0;0.5;0.0;1.2576023791753197;0.7665505226480837;0.4076655052264808;0.47038327526132406
144;2020-07-18;0.017655479560998888;1.0;0.0;0.0;0.5;0.0;0.0;0.5;0.0;0.5;0.0;0.5;0.3333333333333333;0.0;0.5;0.0;0.3333333333333333;0.0;0.0;0.0;0.5;0.0;1.276543230322512;0.7252252252252253;0.3108108108108108;0.47297297297297297
145;2020-07-19;0.019325592492444726;1.0;0.0;0.0;0.5;0.0;0.0;0.5;0.0;0.5;0.0;0.5;0.3333333333333333;0.0;0.5;0.0;0.3333333333333333;0.0;0.0;0.0;0.5;0.0;1.2993485568834493;0.7654320987654321;0.3786008230452675;0.4074074074074074
146;2020-07-20;0.02600604421822809;1.0;0.0;0.0;0.5;0.0;0.0;0.5;0.0;0.5;0.0;0.5;0.3333333333333333;0.0;0.5;0.0;0.3333333333333333;0.0;0.0;0.0;0.5;0.0;1.325257812713003;0.7859327217125383;0.363914373088685;0.4434250764525994
147;2020-07-21;0.025369810720534437;1.0;0.0;0.0;0.5;0.0;0.0;0.5;0.0;0.5;0.0;0.5;0.3333333333333333;0.0;0.5;0.0;0.3333333333333333;0.0;0.0;0.0;0.5;0.0;1.3504211621385949;0.786833855799373;0.3949843260188088;0.5141065830721003
148;2020-07-22;0.03785589311277239;1.0;0.0;0.0;0.5;0.0;0.0;0.5;0.0;0.5;0.0;0.5;0.3333333333333333;0.0;0.5;0.0;0.3333333333333333;0.0;0.0;0.0;0.5;0.0;1.372041287579036;0.7226890756302521;0.41386554621848737;0.49369747899159666
149;2020-07-23;0.032925083505646574;1.0;0.0;0.0;0.5;0.0;0.0;0.5;0.0;0.5;0.0;0.5;0.3333333333333333;0.0;0.5;0.0;0.3333333333333333;0.0;0.0;0.0;0.5;0.0;1.3850136208688657;0.7729468599033816;0.38405797101449274;0.4613526570048309
150;2020-07-24;0.037378717989502146;1.0;0.0;0.0;0.5;0.0;0.0;0.5;0.0;0.5;0.0;0.5;0.3333333333333333;0.0;0.5;0.0;0.3333333333333333;0.0;0.0;0.0;0.5;0.0;1.386371840696975;0.7936170212765957;0.38085106382978723;0.451063829787234
151;2020-07-25;0.03284555431843487;1.0;0.0;0.0;0.5;0.0;0.0;0.5;0.0;0.5;0.0;0.5;0.3333333333333333;0.0;0.5;0.0;0.3333333333333333;0.0;0.0;0.0;0.5;0.0;1.3753255452791615;0.7191283292978208;0.4213075060532688;0.47699757869249393
152;2020-07-26;0.03570860505805631;1.0;0.0;0.0;0.5;0.0;0.0;0.5;0.0;0.5;0.0;0.5;0.3333333333333333;0.0;0.5;0.0;0.3333333333333333;0.0;0.0;0.0;0.5;0.0;1.3539568613251587;0.7750556792873051;0.3897550111358575;0.44766146993318484
153;2020-07-27;0.04087800222681724;1.0;0.0;0.0;0.5;0.0;0.0;0.5;0.0;0.5;0.0;0.5;0.3333333333333333;0.0;0.5;0.0;0.3333333333333333;0.0;0.0;0.0;0.5;0.0;1.3281428742245922;0.7529182879377432;0.39299610894941633;0.4280155642023346
154;2020-07-28;0.04358199459201527;1.0;0.0;0.0;0.5;0.0;0.0;0.5;0.0;0.5;0.0;0.5;0.3333333333333333;0.0;0.5;0.0;0.3333333333333333;0.0;0.0;0.0;0.5;0.0;1.3000302088274993;0.7700729927007299;0.38503649635036497;0.44343065693430656
155;2020-07-29;0.05590901860982981;1.0;0.0;0.0;0.5;0.0;0.0;0.5;0.0;0.5;0.0;0.5;0.3333333333333333;0.0;0.5;0.0;0.3333333333333333;0.0;0.0;0.0;0.5;0.0;1.2719446971925512;0.7283072546230441;0.4480796586059744;0.47652916073968704
156;2020-07-30;0.047319866390965484;1.0;0.0;0.0;0.5;0.0;0.0;0.5;0.0;0.5;0.0;0.5;0.3333333333333333;0.0;0.5;0.0;0.3333333333333333;0.0;0.0;0.0;0.5;0.0;1.2406029760970816;0.7747899159663866;0.46050420168067224;0.4504201680672269
157;2020-07-31;0.05153491331318594;1.0;0.0;0.0;0.5;0.0;0.0;0.5;0.0;0.5;0.0;0.5;0.3333333333333333;0.0;0.5;0.0;0.3333333333333333;0.0;0.0;0.0;0.5;0.0;1.2041327890497968;0.7407407407407407;0.4506172839506173;0.44753086419753085
158;2020-08-01;0.047319866390965484;1.0;0.0;0.0;0.5;0.0;0.0;0.5;0.0;0.5;0.0;0.5;0.3333333333333333;0.0;0.5;0.0;0.3333333333333333;0.0;0.0;0.0;0.5;0.0;1.1621734967397483;0.7394957983193278;0.4504201680672269;0.48403361344537815
159;2020-08-02;0.04501351996182599;1.0;0.0;0.0;0.5;0.0;0.0;0.5;0.0;0.5;0.0;0.5;0.3333333333333333;0.0;0.5;0.0;0.3333333333333333;0.0;0.0;0.0;0.5;0.0;1.1153933555710625;0.7367491166077739;0.43109540636042404;0.4911660777385159
160;2020-08-03;0.041275648162875773;1.0;0.0;0.0;0.5;0.0;0.0;0.5;0.0;0.5;0.0;0.5;0.3333333333333333;0.0;0.5;0.0;0.3333333333333333;0.0;0.0;0.0;0.5;0.0;1.070023983980783;0.7514450867052023;0.4007707129094412;0.48554913294797686
161;2020-08-04;0.042229998409416256;1.0;0.0;0.0;0.5;0.0;0.0;0.5;0.0;0.5;0.0;0.5;0.3333333333333333;0.0;0.5;0.0;0.3333333333333333;0.0;0.0;0.0;0.5;0.0;1.0292206315715855;0.7419962335216572;0.4745762711864407;0.4839924670433145
162;2020-08-05;0.04938762525846986;1.0;0.0;0.0;0.5;0.0;0.0;0.5;0.0;0.5;0.0;0.5;0.3333333333333333;0.0;0.5;0.0;0.3333333333333333;0.0;0.0;0.0;0.5;0.0;0.9972966225707507;0.7536231884057971;0.4444444444444444;0.5024154589371981
163;2020-08-06;0.043025290281533325;1.0;0.0;0.0;0.5;0.0;0.0;0.5;0.0;0.5;0.0;0.5;0.3333333333333333;0.0;0.5;0.0;0.3333333333333333;0.0;0.0;0.0;0.5;0.0;0.9748650186541605;0.6894639556377079;0.4510166358595194;0.4805914972273567
164;2020-08-07;0.0474789247653889;1.0;0.0;0.0;0.5;0.0;0.0;0.5;0.0;0.5;0.0;0.5;0.3333333333333333;0.0;0.5;0.0;0.3333333333333333;0.0;0.0;0.0;0.5;0.0;0.9603637897992054;0.7035175879396985;0.46901172529313234;0.46063651591289784
165;2020-08-08;0.04191188166056943;1.0;0.0;0.0;0.5;0.0;0.0;0.5;0.0;0.5;0.0;0.5;0.3333333333333333;0.0;0.5;0.0;0.3333333333333333;0.0;0.0;0.0;0.5;0.0;0.9514355648184601;0.6679316888045541;0.43263757115749524;0.49146110056925996
166;2020-08-09;0.04016223954191188;1.0;0.0;0.0;0.5;0.0;0.0;0.5;0.0;0.5;0.0;0.5;0.3333333333333333;0.0;0.5;0.0;0.3333333333333333;0.0;0.0;0.0;0.5;0.0;0.9449079954635633;0.691089108910891;0.46534653465346537;0.4792079207920792
167;2020-08-10;0.03888977254652457;1.0;0.0;0.0;0.5;0.0;0.0;0.5;0.0;0.5;0.0;0.5;0.3333333333333333;0.0;0.5;0.0;0.3333333333333333;0.0;0.0;0.0;0.5;0.0;0.9405763015747368;0.6584867075664622;0.47443762781186094;0.4867075664621677
168;2020-08-11;0.0368220136790202;1.0;0.0;0.0;0.5;0.0;0.0;0.5;0.0;0.5;0.0;0.5;0.3333333333333333;0.0;0.5;0.0;0.3333333333333333;0.0;0.0;0.0;0.5;0.0;0.9376967012502802;0.6436285097192225;0.42116630669546434;0.48812095032397407
169;2020-08-12;0.042229998409416256;1.0;0.0;0.0;0.5;0.0;0.0;0.5;0.0;0.5;0.0;0.5;0.3333333333333333;0.0;0.5;0.0;0.3333333333333333;0.0;0.0;0.0;0.5;0.0;0.9380997392047848;0.672316384180791;0.4312617702448211;0.480225988700565
170;2020-08-13;0.03992365198027676;1.0;0.0;0.0;0.5;0.0;0.0;0.5;0.0;0.5;0.0;0.5;0.3333333333333333;0.0;0.5;0.0;0.3333333333333333;0.0;0.0;0.0;0.5;0.0;0.9427679074089553;0.6772908366533864;0.4541832669322709;0.4541832669322709
171;2020-08-14;0.04016223954191188;1.0;0.0;0.0;0.5;0.0;0.0;0.5;0.0;0.5;0.0;0.5;0.3333333333333333;0.0;0.5;0.0;0.3333333333333333;0.0;0.0;0.0;0.5;0.0;0.9519357404469286;0.6534653465346535;0.4792079207920792;0.5247524752475248
172;2020-08-15;0.036185780181326545;1.0;0.0;0.0;0.5;0.0;0.0;0.5;0.0;0.5;0.0;0.5;0.3333333333333333;0.0;0.5;0.0;0.3333333333333333;0.0;0.0;0.0;0.5;0.0;0.9658583950270874;0.6395604395604395;0.45494505494505494;0.5142857142857142
173;2020-08-16;0.03753777636392556;1.0;0.0;0.0;0.5;0.0;0.0;0.5;0.0;0.5;0.0;0.5;0.3333333333333333;0.0;0.5;0.0;0.3333333333333333;0.0;0.0;0.0;0.5;0.0;0.9836254631769901;0.6334745762711864;0.4597457627118644;0.5233050847457628
174;2020-08-17;0.04095753141402895;1.0;0.0;0.0;0.5;0.0;0.0;0.5;0.0;0.5;0.0;0.5;0.3333333333333333;0.0;0.5;0.0;0.3333333333333333;0.0;0.0;0.0;0.5;0.0;1.005143718339972;0.654368932038835;0.4796116504854369;0.46601941747572817
175;2020-08-18;0.03769683473834897;1.0;0.0;0.0;0.5;0.0;0.0;0.5;0.0;0.5;0.0;0.5;0.3333333333333333;0.0;0.5;0.0;0.3333333333333333;0.0;1.0;0.0;1.0;0.0;1.0291194047998178;0.6856540084388185;0.4704641350210971;0.510548523206751
176;2020-08-19;0.046365516144425;1.0;0.0;0.0;0.5;0.0;0.0;0.5;0.0;0.5;0.0;0.5;0.3333333333333333;0.0;0.5;0.0;0.3333333333333333;0.0;1.0;0.0;1.0;0.0;1.0553056480968872;0.6740994854202401;0.451114922813036;0.5025728987993139
177;2020-08-20;0.04644504533163671;1.0;0.0;0.0;0.5;0.0;0.0;0.5;0.0;0.5;0.0;0.5;0.3333333333333333;0.0;0.5;0.0;0.3333333333333333;0.0;1.0;0.0;1.0;0.0;1.082090692575619;0.6952054794520548;0.476027397260274;0.5034246575342466
178;2020-08-21;0.048512804199141085;1.0;0.0;0.0;0.5;0.0;0.0;0.5;0.0;0.5;0.0;0.5;0.3333333333333333;0.0;0.5;0.0;0.3333333333333333;0.0;1.0;0.0;1.0;0.0;1.1086308881428792;0.6721311475409836;0.4786885245901639;0.49508196721311476
179;2020-08-22;0.04644504533163671;1.0;0.0;0.0;0.5;0.0;0.0;0.5;0.0;0.5;0.0;0.5;0.3333333333333333;0.0;0.5;0.0;0.3333333333333333;0.0;1.0;0.0;1.0;0.0;1.1357091178955874;0.7277397260273972;0.4794520547945205;0.4777397260273973
180;2020-08-23;0.04795609988865914;1.0;0.0;0.0;0.5;0.0;0.0;0.5;0.0;0.5;0.0;0.5;0.3333333333333333;0.0;0.5;0.0;0.3333333333333333;0.0;1.0;0.0;1.0;0.0;1.1637153426787281;0.7097844112769486;0.4593698175787728;0.48258706467661694
181;2020-08-24;0.04684269126769525;1.0;0.0;0.0;0.5;0.0;0.0;0.5;0.0;0.5;0.0;0.5;0.3333333333333333;0.0;0.5;0.0;0.3333333333333333;0.0;1.0;0.0;1.0;0.0;1.195588957512773;0.6859083191850595;0.4940577249575552;0.46519524617996605
182;2020-08-25;0.049944329568951805;1.0;0.0;0.0;0.5;0.0;0.0;0.5;0.0;0.5;0.0;0.5;0.3333333333333333;0.0;0.5;0.0;0.3333333333333333;0.0;1.0;0.0;1.0;0.0;1.2327197269142207;0.732484076433121;0.47929936305732485;0.49522292993630573
183;2020-08-26;0.07515508191506283;1.0;0.0;0.0;0.5;0.0;0.0;0.5;0.0;0.5;0.0;0.5;0.3333333333333333;0.0;0.5;0.0;0.3333333333333333;0.0;1.0;0.0;1.0;0.0;1.2748704472564012;0.7238095238095238;0.4973544973544973;0.4846560846560847
184;2020-08-27;0.08080165420709401;1.0;0.0;0.0;0.5;0.0;0.0;0.5;0.0;0.5;0.0;0.5;0.3333333333333333;0.0;0.5;0.0;0.3333333333333333;0.0;1.0;0.0;1.0;0.0;1.3179861593871924;0.6958661417322834;0.4763779527559055;0.4744094488188976
185;2020-08-28;0.07897248290122474;1.0;0.0;0.0;0.5;0.0;0.0;0.5;0.0;0.5;0.0;0.5;0.3333333333333333;0.0;0.5;0.0;0.3333333333333333;0.0;1.0;0.0;1.0;0.0;1.3561126487401995;0.7139979859013091;0.473313192346425;0.5055387713997986
186;2020-08-29;0.07905201208843646;1.0;0.0;0.0;0.5;0.0;0.0;0.5;0.0;0.5;0.0;0.5;0.3333333333333333;0.0;0.5;0.0;0.3333333333333333;0.0;1.0;0.0;1.0;0.0;1.3840838099683244;0.6941649899396378;0.44567404426559354;0.4607645875251509
187;2020-08-30;0.09114044854461588;1.0;0.0;0.0;0.5;0.0;0.0;0.5;0.0;0.5;0.0;0.5;0.3333333333333333;0.0;0.5;0.0;0.3333333333333333;0.0;1.0;0.0;1.0;0.0;1.3983430856824197;0.7181500872600349;0.4013961605584642;0.4642233856893543
188;2020-08-31;0.09949101320184507;1.0;0.0;0.0;0.5;0.0;0.0;0.5;0.0;0.5;0.0;0.5;0.3333333333333333;0.0;0.5;0.0;0.3333333333333333;0.0;1.0;0.0;1.0;0.0;1.400081935796058;0.7194244604316546;0.4412470023980815;0.47402078337330134
189;2020-09-01;0.10012724669953874;1.0;0.0;0.0;0.5;0.0;0.0;0.5;0.0;0.5;0.0;0.5;0.3333333333333333;0.0;0.5;0.0;0.3333333333333333;0.0;1.0;0.0;1.0;0.0;1.3921407377454245;0.6894360603653693;0.45909451945988883;0.49722001588562353
190;2020-09-02;0.12525846985843805;1.0;0.0;0.0;0.0;0.0;0.0;0.5;0.0;0.5;0.0;0.5;0.3333333333333333;0.0;0.5;0.0;0.3333333333333333;0.0;1.0;0.0;1.0;0.0;1.3785729551490913;0.6882539682539682;0.4615873015873016;0.5053968253968254
191;2020-09-03;0.1355972641959599;1.0;0.0;0.0;0.0;0.0;0.0;0.5;0.0;0.5;0.0;0.5;0.3333333333333333;0.0;0.5;0.0;0.3333333333333333;0.0;1.0;0.0;1.0;0.0;1.361577603900094;0.6956011730205278;0.4463343108504399;0.48211143695014663
192;2020-09-04;0.13233656752027995;1.0;0.0;0.0;0.0;0.0;0.0;0.5;0.0;0.5;0.0;0.5;0.3333333333333333;0.0;0.5;0.0;0.3333333333333333;0.0;1.0;0.0;1.0;0.0;1.34299488195066;0.7007211538461539;0.4387019230769231;0.4597355769230769
193;2020-09-05;0.12629234929219024;1.0;0.0;0.0;0.0;0.0;0.0;0.5;0.0;0.5;0.0;0.5;0.3333333333333333;0.0;0.5;0.0;0.3333333333333333;0.0;1.0;0.0;1.0;0.0;1.3245369649772611;0.6819899244332494;0.4068010075566751;0.48299748110831237
194;2020-09-06;0.14052807380308574;1.0;0.0;0.0;0.0;0.0;0.0;0.5;0.0;0.5;0.0;0.5;0.3333333333333333;0.0;0.5;0.0;0.3333333333333333;0.0;1.0;0.0;1.0;0.0;1.3070908546885618;0.6802490096208262;0.41709111488398415;0.4555744199207697
195;2020-09-07;0.14784475902656274;1.0;0.0;0.0;0.0;0.0;0.0;0.5;0.0;0.5;0.0;0.5;0.3333333333333333;0.0;0.5;0.0;0.3333333333333333;0.0;1.0;0.0;1.0;0.0;1.2937873850759392;0.7014523937600861;0.4061323292092523;0.46153846153846156
196;2020-09-08;0.15365038969301734;1.0;0.0;0.0;0.0;0.0;0.0;0.5;0.0;0.5;0.0;0.5;0.3333333333333333;0.0;0.5;0.0;0.3333333333333333;0.0;1.0;0.0;1.0;0.0;1.28495397339539;0.6713250517598344;0.42287784679089024;0.4746376811594203
197;2020-09-09;0.20327660251312232;1.0;0.0;0.0;0.0;0.0;0.0;0.5;0.0;0.5;0.0;0.5;0.3333333333333333;0.0;0.5;0.0;0.3333333333333333;0.0;1.0;0.0;1.0;0.0;1.2796329607175452;0.662754303599374;0.42057902973395933;0.4722222222222222
198;2020-09-10;0.20168601876888817;1.0;0.0;0.0;0.0;0.0;0.0;0.5;0.0;0.5;0.0;0.5;0.3333333333333333;0.0;0.5;0.0;0.3333333333333333;0.0;1.0;0.0;1.0;0.0;1.2748051077513876;0.666403785488959;0.42902208201892744;0.4597791798107255
199;2020-09-11;0.20271989820264036;1.0;0.0;0.0;0.0;0.0;0.0;0.5;0.0;0.5;0.0;0.5;0.3333333333333333;0.0;0.5;0.0;0.3333333333333333;0.0;1.0;0.0;1.0;0.0;1.2671685419238141;0.64966653589643;0.4413495488426834;0.4770498234601805
200;2020-09-12;0.1995387307141721;1.0;0.0;0.0;0.0;0.0;0.0;0.5;0.0;0.5;0.0;0.5;0.3333333333333333;0.0;0.5;0.0;0.3333333333333333;0.0;1.0;0.0;1.0;0.0;1.2547587834601373;0.6452770027899561;0.4184934236747708;0.46113989637305697
201;2020-09-13;0.19786861778272627;1.0;0.0;0.0;0.0;0.0;0.0;0.5;0.0;0.5;0.0;0.5;0.3333333333333333;0.0;0.5;0.0;0.3333333333333333;0.0;1.0;0.0;1.0;0.0;1.2373602203046383;0.6559485530546624;0.4115755627009646;0.46864951768488744
202;2020-09-14;0.202004135517735;1.0;0.0;0.0;0.0;0.0;0.0;0.5;0.0;0.5;0.0;0.5;0.3333333333333333;0.0;0.5;0.0;0.3333333333333333;0.0;1.0;0.0;1.0;0.0;1.218179769291106;0.6712598425196851;0.3921259842519685;0.4755905511811024
203;2020-09-15;0.2197391442659456;1.0;0.0;0.0;0.0;0.0;0.0;0.5;0.0;0.5;0.0;0.5;0.3333333333333333;0.0;0.5;0.0;0.3333333333333333;0.0;1.0;0.0;1.0;0.0;1.200263315779192;0.6565327542526239;0.4335866811436844;0.4755700325732899
204;2020-09-16;0.27358040400827105;1.0;0.0;0.0;0.0;0.0;0.0;0.5;0.0;0.5;0.0;0.5;0.3333333333333333;0.0;0.5;0.0;0.3333333333333333;0.0;1.0;0.0;1.0;0.0;1.1866753144260958;0.6354651162790698;0.4186046511627907;0.47674418604651164
205;2020-09-17;0.25242564020995706;1.0;0.0;0.0;0.0;0.0;0.0;0.5;0.0;0.5;0.0;0.5;0.3333333333333333;0.0;0.5;0.0;0.3333333333333333;0.0;1.0;0.0;1.0;0.0;1.1779649841645103;0.6405166981726528;0.42123503465658474;0.4829867674858223
206;2020-09-18;0.25576586607284874;1.0;0.0;0.0;0.0;0.0;0.0;0.5;0.0;0.5;0.0;0.5;0.3333333333333333;0.0;0.5;0.0;0.3333333333333333;0.0;1.0;0.0;1.0;0.0;1.1742772148278489;0.6228233830845771;0.4001865671641791;0.4810323383084577
207;2020-09-19;0.2413710831875298;1.0;0.0;0.0;0.0;0.0;0.0;0.5;0.0;0.5;0.0;0.5;0.3333333333333333;0.0;0.5;0.0;0.3333333333333333;0.0;1.0;0.0;1.0;0.0;1.175885955140721;0.6303130148270181;0.39341021416803956;0.45502471169686987
208;2020-09-20;0.26697948146969935;1.0;0.0;0.0;0.0;0.0;0.0;0.5;0.0;0.5;0.0;0.5;0.3333333333333333;0.0;0.5;0.0;0.3333333333333333;0.0;1.0;0.0;1.0;0.0;1.1825875038330491;0.6353887399463807;0.3598450997914805;0.47899910634495085
209;2020-09-21;0.2706378240814379;1.0;0.0;0.0;0.0;0.0;0.0;0.5;0.0;0.5;0.0;0.5;0.3333333333333333;0.0;0.5;0.0;0.3333333333333333;0.0;1.0;0.0;1.0;0.0;1.1969609874016038;0.6373787834263884;0.35439318248604174;0.45459888333823095
210;2020-09-22;0.28678224908541433;1.0;0.0;0.0;0.0;0.0;0.0;0.5;0.0;0.5;0.0;0.5;0.3333333333333333;0.0;0.5;0.0;0.3333333333333333;0.0;1.0;0.0;1.0;0.0;1.2187585344292482;0.6289517470881864;0.3793677204658902;0.4597892401552967
211;2020-09-23;0.39358994751073645;1.0;0.0;0.0;0.0;0.0;0.0;0.5;0.0;0.5;0.0;0.5;0.3333333333333333;0.0;0.5;0.0;0.3333333333333333;0.0;1.0;0.0;1.0;0.0;1.2465018636754455;0.6025459688826026;0.3766417458072338;0.4825217215599111
212;2020-09-24;0.37498011770319706;1.0;0.0;0.0;0.0;0.0;0.0;0.5;0.0;0.5;0.0;0.5;0.3333333333333333;0.0;0.5;0.0;0.3333333333333333;0.0;1.0;0.0;1.0;0.0;1.275817285530569;0.6046659597030752;0.3739130434782609;0.4799575821845175
213;2020-09-25;0.40480356290758707;1.0;0.0;0.0;0.0;0.0;0.0;0.5;0.0;0.5;0.0;0.5;0.3333333333333333;0.0;0.5;0.0;0.3333333333333333;0.0;1.0;0.0;1.0;0.0;1.301029564984675;0.5844793713163065;0.35029469548133596;0.4762278978388998
214;2020-09-26;0.4421822808970892;1.0;0.0;0.0;0.0;0.0;0.0;0.5;0.0;0.5;0.0;0.5;0.3333333333333333;0.0;0.5;0.0;0.3333333333333333;0.0;1.0;0.0;1.0;0.0;1.317066595148334;0.5616906474820144;0.32841726618705036;0.4660071942446043
215;2020-09-27;0.46389374900588515;1.0;0.0;0.0;0.0;0.0;0.0;0.5;0.0;0.5;0.0;0.5;0.3333333333333333;0.0;0.5;0.0;0.3333333333333333;0.0;1.0;0.0;1.0;0.0;1.320420560720199;0.5933481913252185;0.33276187210697755;0.4656266072346991
216;2020-09-28;0.47311913472244316;1.0;0.0;0.0;0.0;0.0;0.0;0.5;0.0;0.5;0.0;0.5;0.3333333333333333;0.0;0.5;0.0;0.3333333333333333;0.0;1.0;0.0;1.0;0.0;1.3117764297182442;0.5832913094637754;0.32391998655236176;0.4647839973104724
217;2020-09-29;0.47645936058533483;1.0;0.0;0.0;0.0;0.0;0.0;0.5;0.0;0.5;0.0;1.0;0.3333333333333333;1.0;1.0;0.0;1.0;0.0;1.0;0.0;1.0;0.0;1.2925013615372853;0.5803705558337506;0.3558671340343849;0.4586880320480721
218;2020-09-30;0.6013997136949261;1.0;0.0;0.0;0.0;0.0;0.0;0.5;0.0;0.5;0.0;1.0;0.3333333333333333;1.0;1.0;0.0;1.0;0.0;1.0;0.0;1.0;0.0;1.2663917022295157;0.5868817773075906;0.34475006612007403;0.46746892356519437
219;2020-10-01;0.5235406394146652;1.0;0.0;0.0;0.0;0.0;0.0;0.5;0.0;0.5;0.0;1.0;0.3333333333333333;1.0;1.0;0.0;1.0;0.0;1.0;0.0;1.0;0.0;1.2365663084149836;0.5597751784900501;0.33252316572991036;0.4675679781254747
220;2020-10-02;0.5773818991569906;1.0;0.0;0.0;0.0;0.0;0.0;0.5;0.0;0.5;0.0;1.0;0.3333333333333333;1.0;1.0;0.0;1.0;0.0;1.0;0.0;1.0;0.0;1.2060381266283218;0.5435261707988981;0.33016528925619837;0.47548209366391186
221;2020-10-03;0.549069508509623;1.0;0.0;0.0;0.0;0.0;0.0;0.5;0.0;0.5;0.0;1.0;0.3333333333333333;1.0;1.0;0.0;1.0;0.0;1.0;0.0;1.0;0.0;1.1775662830787692;0.5511297798377752;0.31257242178447275;0.45553302433371956
222;2020-10-04;0.5631461746460951;1.0;0.0;0.0;0.0;0.0;0.0;0.5;0.0;0.5;0.0;1.0;0.3333333333333333;1.0;1.0;0.0;1.0;0.0;1.0;0.0;1.0;0.0;1.152522671291486;0.5763310266911453;0.3047592148001695;0.4670244315774608
223;2020-10-05;0.585414347065373;1.0;0.0;0.0;0.0;0.0;0.0;0.5;0.0;0.5;0.0;1.0;1.0;1.0;1.0;0.0;1.0;0.0;1.0;0.0;1.0;0.0;1.1336080822519747;0.5597065616084771;0.3077027577774759;0.4571389756826518
224;2020-10-06;0.5551137267377128;1.0;0.0;0.0;0.0;0.0;0.0;0.5;0.0;0.5;0.0;1.0;1.0;1.0;1.0;0.0;1.0;0.0;1.0;0.0;1.0;0.0;1.120551842815472;0.5603151862464183;0.3193409742120344;0.47234957020057305
225;2020-10-07;0.6888818196278034;1.0;0.0;0.0;0.0;0.0;0.0;0.5;0.0;0.5;0.0;1.0;1.0;1.0;1.0;0.0;1.0;0.0;1.0;0.0;1.0;0.0;1.1134058185847757;0.5660355576079428;0.3291387670283999;0.4729854537058416
226;2020-10-08;0.6587402576745666;1.0;0.0;0.0;0.0;0.0;0.0;0.5;0.0;0.5;0.0;1.0;1.0;1.0;1.0;0.0;1.0;0.0;1.0;0.0;1.0;0.0;1.1104662600552708;0.5712905951949777;0.3202945792587227;0.4685500422552215
227;2020-10-09;0.684110068395101;1.0;0.0;0.0;0.0;0.0;0.0;0.5;0.0;0.5;0.0;1.0;1.0;1.0;1.0;0.0;1.0;0.0;1.0;0.0;1.0;0.0;1.1093543973047753;0.5549872122762148;0.31678679376889096;0.4672169262962102
228;2020-10-10;0.6449817082869413;1.0;0.0;0.0;0.0;0.0;0.0;0.5;0.0;0.5;0.0;1.0;1.0;1.0;1.0;0.0;1.0;0.0;1.0;0.0;1.0;0.0;1.1082317028926547;0.5621454993834772;0.30789149198520344;0.46041923551171393
229;2020-10-11;0.6772705582948942;1.0;0.0;0.0;0.0;0.0;0.0;0.5;0.0;0.5;0.0;1.0;1.0;1.0;1.0;0.0;1.0;0.0;1.0;0.0;1.0;0.0;1.1054683862476888;0.5725692813527478;0.3034288398309065;0.4589008924377642
230;2020-10-12;0.7003340225862892;1.0;0.0;0.0;0.0;0.0;0.0;0.5;0.0;0.5;0.0;1.0;1.0;1.0;1.0;0.0;1.0;0.0;1.0;0.0;1.0;0.0;1.1013051101110354;0.5641607994549172;0.2974108562343856;0.4764933000227118
231;2020-10-13;0.6744075075552728;1.0;0.0;0.0;0.0;0.0;0.0;0.5;0.0;0.5;0.0;1.0;1.0;1.0;1.0;0.0;1.0;0.0;1.0;0.0;1.0;0.0;1.095226608777222;0.560377358490566;0.30754716981132074;0.466627358490566
232;2020-10-14;0.8045172578336249;1.0;0.5;0.0;0.0;0.0;0.0;1.0;0.0;0.5;0.5;0.0;1.0;0.5;0.5;0.0;0.0;0.0;1.0;0.0;1.0;0.0;1.0877062993906939;0.5548635824436536;0.3010083036773428;0.47726374060893634
233;2020-10-15;0.7829648480992524;1.0;0.5;0.0;0.0;0.0;0.0;1.0;0.0;0.5;0.5;0.0;1.0;0.5;0.5;0.0;0.0;0.0;1.0;0.0;1.0;0.0;1.0774009252177885;0.5422041645505332;0.3076688674454038;0.46988318943626206
234;2020-10-16;0.7534595196437093;1.0;0.5;0.0;0.0;0.0;0.0;1.0;0.0;0.5;0.5;0.0;1.0;0.5;0.5;0.0;0.0;0.0;1.0;0.0;1.0;0.0;1.063110824878892;0.5398986700443319;0.2996622334811062;0.4622123706987545
235;2020-10-17;0.707173532686496;1.0;0.5;0.0;0.0;0.0;0.0;1.0;0.0;0.5;0.5;0.0;1.0;0.5;0.5;0.0;0.0;0.0;1.0;0.0;1.0;0.0;1.044353186362968;0.5434098065677013;0.3015069725596041;0.45827710301394514
236;2020-10-18;0.7390647367583904;1.0;0.5;0.0;0.0;0.0;0.0;1.0;0.0;0.5;0.5;0.0;1.0;0.5;0.5;0.0;0.0;0.0;1.0;0.0;1.0;0.0;1.0205527244194912;0.5384698159905305;0.2821478532228559;0.4509846120736038
237;2020-10-19;0.6967552091617624;1.0;0.5;0.0;0.0;0.0;0.0;1.0;0.0;0.5;0.5;0.0;1.0;0.5;0.5;0.0;0.0;0.0;1.0;0.0;1.0;0.0;0.9937087482830451;0.536810866339459;0.2977970551306928;0.46935281360575276
238;2020-10-20;0.6379036106250994;1.0;0.5;0.0;0.0;0.0;0.0;1.0;0.0;0.5;0.5;0.0;1.0;0.5;0.5;0.0;0.0;0.0;1.0;0.0;1.0;0.0;0.9653688171316644;0.5343473382371275;0.3023313801271662;0.45717491584590453
239;2020-10-21;0.7153650389693017;1.0;0.5;0.0;0.0;0.0;0.0;1.0;0.0;0.5;0.5;0.0;1.0;0.5;0.5;0.0;0.0;0.0;1.0;0.0;1.0;0.0;0.9377104744137927;0.5242912729294052;0.30038910505836575;0.46381322957198445
240;2020-10-22;0.627962462223636;1.0;0.5;0.0;0.0;0.0;0.0;1.0;0.0;0.5;0.5;0.0;1.0;0.5;0.5;0.0;0.0;0.0;1.0;0.0;1.0;0.0;0.9121235002688582;0.51887031408308;0.29825227963525835;0.4684650455927052
241;2020-10-23;0.5940034992842373;1.0;0.5;0.0;0.0;0.0;0.0;1.0;0.0;0.5;0.5;0.0;1.0;0.5;0.5;0.0;0.0;0.0;1.0;0.0;1.0;0.0;0.8896459324305869;0.5200160664078189;0.2987012987012987;0.4565537555228277
242;2020-10-24;0.5404803562907587;1.0;0.5;0.0;0.0;0.0;0.0;1.0;0.0;0.5;0.5;0.0;1.0;0.5;0.5;0.0;0.0;0.0;1.0;0.0;1.0;0.0;0.8710280894323802;0.5114773396115362;0.2823719835197175;0.46041789287816365
243;2020-10-25;0.5195641800540799;1.0;0.5;0.0;0.0;0.0;0.0;1.0;0.0;0.5;0.5;0.0;1.0;0.5;0.5;0.0;0.0;0.0;1.0;0.0;1.0;0.0;0.8565083158960901;0.5190570947497322;0.2870044390019899;0.4628807592224093
244;2020-10-26;0.4978527119452839;1.0;0.5;0.0;0.0;0.0;0.0;1.0;0.0;0.5;0.5;0.0;1.0;0.5;0.5;0.0;0.0;0.0;1.0;0.0;1.0;0.0;0.8470462987249953;0.5063897763578274;0.2832268370607029;0.4589456869009585
245;2020-10-27;0.49801177031970734;1.0;0.5;0.0;0.0;0.0;0.0;1.0;0.0;0.5;0.5;0.0;1.0;0.5;0.5;0.0;0.0;0.0;1.0;0.0;1.0;0.0;0.8423134585597485;0.5150111785372086;0.3042159054615139;0.46151389332481635
246;2020-10-28;0.5040559885477971;1.0;0.5;0.0;0.0;0.0;0.0;1.0;0.0;0.5;0.5;0.0;1.0;0.5;0.5;0.0;0.0;0.0;1.0;0.0;1.0;0.0;0.8423001761562436;0.5063111391606185;0.3056169138529505;0.46260650047333546
247;2020-10-29;0.45355495466836326;1.0;0.5;0.0;0.0;0.0;0.0;1.0;0.0;0.5;0.5;0.0;1.0;0.5;0.5;0.0;0.0;0.0;1.0;0.0;1.0;0.0;0.8460993036160928;0.507978257057689;0.3103629668595476;0.45782921269507276
248;2020-10-30;0.44106887227612535;1.0;0.5;0.0;0.0;0.0;0.0;1.0;0.0;0.5;0.5;0.0;1.0;0.5;0.5;0.0;0.0;0.0;1.0;0.0;1.0;0.0;0.8531962364897689;0.498557518932564;0.30454381536242336;0.44807068157230434
249;2020-10-31;0.3943852393828535;1.0;0.5;0.0;0.0;0.0;0.0;1.0;0.0;0.5;0.5;0.0;1.0;0.5;0.5;0.0;0.0;0.0;1.0;0.0;1.0;0.0;0.863447206221317;0.5136116152450091;0.30550514216575925;0.4468642871546683
250;2020-11-01;0.41037060601240655;1.0;0.5;0.0;0.0;0.0;0.0;1.0;0.0;0.5;0.5;0.0;1.0;0.5;0.5;0.0;0.0;0.0;1.0;0.0;1.0;0.0;0.8764750229758724;0.5182170542635659;0.28934108527131785;0.45290697674418606
251;2020-11-02;0.411881660569429;1.0;0.5;0.0;0.0;0.0;0.0;1.0;0.0;0.5;0.5;0.0;1.0;0.5;0.5;0.0;0.0;0.0;1.0;0.0;1.0;0.0;0.893023517870842;0.5338868507433867;0.2944583896505117;0.45742421316856535
252;2020-11-03;0.39390806425958325;1.0;0.5;0.0;0.0;0.0;0.0;1.0;0.0;0.5;0.5;0.0;1.0;0.5;0.5;0.0;0.0;0.0;1.0;0.0;1.0;0.0;0.9120903746409644;0.5037351100343226;0.30567332929537655;0.45911568746214415
253;2020-11-04;0.456338476220773;1.0;1.0;0.0;0.0;0.0;0.0;1.0;0.0;1.0;0.5;0.0;1.0;1.0;1.0;0.0;0.0;0.0;1.0;0.5;1.0;0.0;0.932634158689353;0.4989543394911119;0.3130010456605089;0.46985012199372606
254;2020-11-05;0.4236519802767616;1.0;1.0;0.0;0.0;0.0;0.0;1.0;0.0;1.0;0.5;0.0;1.0;1.0;1.0;0.0;0.0;0.0;1.0;0.5;1.0;0.0;0.9525440702826723;0.5042237657217946;0.31912896564670545;0.45841937300544394
255;2020-11-06;0.44019405121679656;1.0;1.0;0.0;0.0;0.0;0.0;1.0;0.0;1.0;0.5;0.0;1.0;1.0;1.0;0.0;0.0;0.0;1.0;0.5;1.0;0.0;0.969449014985037;0.5060523938572719;0.3058717253839205;0.46594399277326104
256;2020-11-07;0.39732781930968664;1.0;1.0;0.0;0.0;0.0;0.0;1.0;0.0;1.0;0.5;0.0;1.0;1.0;1.0;0.0;0.0;0.0;1.0;0.5;1.0;0.0;0.9821823876687946;0.504603682946357;0.30064051240992795;0.4519615692554043
257;2020-11-08;0.39860028630507394;1.0;1.0;0.0;0.0;0.0;0.0;1.0;0.0;1.0;0.5;0.0;1.0;1.0;1.0;0.0;0.0;0.0;1.0;0.5;1.0;0.0;0.9901347444169557;0.5025937749401437;0.30007980845969673;0.46807661612130885
258;2020-11-09;0.40551932559249243;1.0;1.0;0.0;0.0;0.0;0.0;1.0;0.0;1.0;0.5;0.0;1.0;1.0;1.0;0.0;0.0;0.0;1.0;0.5;1.0;0.0;0.9943010756526132;0.4838203569327319;0.30358893900764855;0.4577368111394391
259;2020-11-10;0.40559885477970414;1.0;1.0;0.0;0.0;0.0;0.0;1.0;0.0;1.0;0.5;0.0;1.0;1.0;1.0;0.0;0.0;0.0;1.0;0.5;1.0;0.0;0.9953580140302696;0.4992156862745098;0.33294117647058824;0.4527450980392157
260;2020-11-11;0.47558453952600604;1.0;1.0;0.0;0.0;0.0;0.0;1.0;0.0;1.0;0.5;0.0;1.0;1.0;1.0;0.0;0.0;0.0;1.0;0.5;1.0;0.0;0.994167777107433;0.4866220735785953;0.3306020066889632;0.47157190635451507
261;2020-11-12;0.4326387784316844;1.0;1.0;0.0;0.0;0.0;0.0;1.0;0.0;1.0;0.5;0.0;1.0;1.0;1.0;0.0;0.0;0.0;1.0;0.5;1.0;0.0;0.9902361175691011;0.4860294117647059;0.3332720588235294;0.46911764705882353
262;2020-11-13;0.41347224431366314;1.0;1.0;0.0;0.0;0.0;0.0;1.0;0.0;1.0;0.5;0.0;1.0;1.0;1.0;0.0;0.0;0.0;1.0;0.5;1.0;0.0;0.9834527388760781;0.4820157722638969;0.33217926524331604;0.4537411040584728
263;2020-11-14;0.37323047558453953;1.0;1.0;0.0;0.0;0.0;0.0;1.0;0.0;1.0;0.5;0.0;1.0;1.0;1.0;0.0;0.0;0.0;1.0;0.5;1.0;0.0;0.9745644242447791;0.48753462603878117;0.32559130620072446;0.45898146175154486
264;2020-11-15;0.3700493080960713;1.0;1.0;0.0;0.0;0.0;0.0;1.0;0.0;1.0;0.5;0.0;1.0;1.0;1.0;0.0;0.0;0.0;1.0;0.5;1.0;0.0;0.9647244815723325;0.4837739093058242;0.3187191059531485;0.44659359552976574
265;2020-11-16;0.36885637028789564;1.0;1.0;0.0;0.0;0.0;0.0;1.0;0.0;1.0;0.5;0.0;1.0;1.0;1.0;0.0;0.0;0.0;1.0;0.5;1.0;0.0;0.9573193481170338;0.4704614057783527;0.33915480810694265;0.47779215178956447
266;2020-11-17;0.3492921902338158;1.0;1.0;0.0;0.0;0.0;0.0;1.0;0.0;1.0;0.5;0.0;1.0;1.0;1.0;0.0;0.0;0.0;1.0;0.5;1.0;0.0;0.9543781517665603;0.4783697632058288;0.3460837887067395;0.4719945355191257
267;2020-11-18;0.43200254493399076;1.0;1.0;0.0;0.0;0.0;0.0;1.0;0.0;1.0;0.5;0.0;1.0;1.0;1.0;0.0;0.0;0.0;1.0;0.5;1.0;0.0;0.9578478550316177;0.47551546391752575;0.35162002945508103;0.4736745213549337
268;2020-11-19;0.38404644504533164;1.0;1.0;0.0;0.0;0.0;0.0;1.0;0.0;1.0;0.5;0.0;1.0;1.0;1.0;0.0;0.0;0.0;1.0;0.5;1.0;0.0;0.9676349386716587;0.45765168772002485;0.34644854007040793;0.46676330503209773
269;2020-11-20;0.38667090822331796;1.0;1.0;0.0;0.0;0.0;0.0;1.0;0.0;1.0;0.5;0.0;1.0;1.0;1.0;0.0;0.0;0.0;1.0;0.5;1.0;0.0;0.98285965256276;0.4788153023447141;0.3290826820238585;0.45989304812834225
270;2020-11-21;0.3611420391283601;1.0;1.0;0.0;0.0;0.0;0.0;1.0;0.0;1.0;0.5;0.0;1.0;1.0;1.0;0.0;0.0;0.0;1.0;0.5;1.0;0.0;1.003167050760938;0.4679585994274389;0.3351684650957939;0.458929751156133
271;2020-11-22;0.38189915699061555;1.0;1.0;0.0;0.0;0.0;0.0;1.0;0.0;1.0;0.5;0.0;1.0;1.0;1.0;0.0;0.0;0.0;1.0;0.5;1.0;0.0;1.0276290807118986;0.48042482299042066;0.33590170762182425;0.46647230320699706
272;2020-11-23;0.38746620009543503;1.0;1.0;0.0;0.0;0.0;0.0;1.0;0.0;1.0;0.5;0.0;1.0;1.0;1.0;0.0;0.0;0.0;1.0;0.5;1.0;0.0;1.0571447941553442;0.4745484400656814;0.31075533661740556;0.4540229885057471
273;2020-11-24;0.39263559726419595;1.0;1.0;0.0;0.0;0.0;0.0;1.0;0.0;1.0;0.5;0.0;1.0;1.0;1.0;0.0;0.0;0.0;1.0;0.5;1.0;0.0;1.0911160283370394;0.4683005874012558;0.35446627506582945;0.47194652623050437
274;2020-11-25;0.5125656115794497;1.0;1.0;0.0;0.0;0.0;0.0;1.0;0.0;1.0;0.5;0.0;1.0;1.0;1.0;0.0;0.0;0.0;1.0;0.5;1.0;0.0;1.12818189092218;0.45833979829325056;0.35934833204034133;0.478044996121024
275;2020-11-26;0.5299825035788134;1.0;1.0;0.0;0.0;0.0;0.0;1.0;0.0;1.0;0.5;0.0;1.0;1.0;1.0;0.0;0.0;0.0;1.0;0.5;1.0;0.0;1.1649174305124825;0.47058823529411764;0.34558823529411764;0.4740396158463385
276;2020-11-27;0.5432638778431684;1.0;1.0;0.0;0.0;0.0;0.0;1.0;0.0;1.0;0.5;0.0;1.0;1.0;1.0;0.0;0.0;0.0;1.0;0.5;1.0;0.0;1.1971747301775284;0.4549846288976724;0.3396281657151222;0.4687454252671644
277;2020-11-28;0.5380944806744075;1.0;1.0;0.0;0.0;0.0;0.0;1.0;0.0;1.0;0.5;0.0;1.0;1.0;1.0;0.0;0.0;0.0;1.0;0.5;1.0;0.0;1.2216538085026374;0.45048773278155485;0.3422997339639373;0.471918415607449
278;2020-11-29;0.5608398282169557;1.0;1.0;0.0;0.0;0.0;0.0;1.0;0.0;1.0;0.5;0.0;1.0;1.0;1.0;0.0;0.0;0.0;1.0;0.5;1.0;0.0;1.2365459279644324;0.4585933068633012;0.3546511627906977;0.4597277368122518
279;2020-11-30;0.5920947987911563;1.0;1.0;0.0;0.0;0.0;0.0;1.0;0.0;1.0;0.5;0.0;1.0;1.0;1.0;0.0;0.0;0.0;1.0;0.5;1.0;0.0;1.2433527810142715;0.4492948287441236;0.34184016118200133;0.4799194089993284
280;2020-12-01;0.6172260219500557;1.0;1.0;0.0;0.0;0.0;0.0;1.0;0.0;1.0;0.5;0.0;0.6666666666666666;1.0;1.0;0.0;0.0;0.0;1.0;0.5;1.0;0.0;1.2439389487710537;0.45187475840742175;0.34840871021775544;0.4688828759180518
281;2020-12-02;0.7474153014156195;1.0;1.0;0.0;0.0;0.0;0.0;1.0;0.0;1.0;0.5;0.0;0.6666666666666666;1.0;1.0;0.0;0.0;0.0;1.0;0.5;1.0;0.0;1.241026353403412;0.4514790380932113;0.36709938284741434;0.45733134709512663
282;2020-12-03;0.7738189915699062;1.0;1.0;0.0;0.0;0.0;0.0;1.0;0.0;1.0;0.5;0.0;0.6666666666666666;1.0;1.0;0.0;0.0;0.0;1.0;0.5;1.0;0.0;1.2353597583172042;0.4457348406988695;0.3464542651593011;0.47183967112024666
283;2020-12-04;0.7711149992047082;1.0;1.0;0.0;0.0;0.0;0.0;1.0;0.0;1.0;0.5;0.0;0.6666666666666666;1.0;1.0;0.0;0.0;0.0;1.0;0.5;1.0;0.0;1.226892787769893;0.4557549504950495;0.3414810231023102;0.46802805280528054
284;2020-12-05;0.7374741530141562;1.0;1.0;0.0;0.0;0.0;0.0;1.0;0.0;1.0;0.5;0.0;0.6666666666666666;1.0;1.0;0.0;0.0;0.0;1.0;0.5;1.0;0.0;1.2156000347447307;0.429742262482476;0.33344117329882456;0.4671627305079262
285;2020-12-06;0.7850326069667568;1.0;1.0;0.0;0.0;0.0;0.0;1.0;0.0;1.0;0.5;0.0;0.6666666666666666;1.0;1.0;0.0;0.0;0.0;1.0;0.5;1.0;0.0;1.2011539193999088;0.43724040117515955;0.31536825043055416;0.4625671157937392
286;2020-12-07;0.7996659774137108;1.0;1.0;0.0;0.0;0.0;0.0;1.0;0.0;1.0;0.5;0.0;0.6666666666666666;1.0;1.0;0.0;0.0;0.0;1.0;0.5;1.0;0.0;1.1853774385150058;0.4347090999502735;0.3228244654400796;0.46563898557931377
287;2020-12-08;0.8156513440432639;1.0;1.0;0.0;0.0;0.0;0.0;1.0;0.0;1.0;0.5;0.0;0.6666666666666666;1.0;1.0;0.0;0.0;0.0;1.0;0.5;1.0;0.0;1.1687987460583378;0.43476989079563183;0.33541341653666146;0.4703588143525741
288;2020-12-09;1.0;1.0;1.0;0.0;0.0;0.0;0.0;1.0;0.0;1.0;0.5;0.0;0.6666666666666666;1.0;1.0;0.0;0.0;0.0;1.0;0.5;1.0;0.0;1.151584601913276;0.42898043581994594;0.3298870685541594;0.4704946715444568
289;2020-12-10;0.9776522983935104;1.0;1.0;0.0;0.0;0.0;0.0;1.0;0.0;1.0;0.5;0.0;0.6666666666666666;1.0;1.0;0.0;0.0;0.0;1.0;0.5;1.0;0.0;1.1323135761768868;0.42487594566013176;0.3261205564142195;0.47108110306678597
290;2020-12-11;0.9288213774455225;1.0;1.0;0.0;0.0;0.0;0.0;1.0;0.0;1.0;0.5;0.0;0.6666666666666666;1.0;1.0;0.0;0.0;0.0;1.0;0.5;1.0;0.0;1.1089932883359528;0.42358078602620086;0.3153523418100865;0.46493706652966865
291;2020-12-12;0.8511213615396851;1.0;1.0;0.0;0.0;0.0;0.0;1.0;0.0;1.0;0.5;0.0;0.6666666666666666;1.0;1.0;0.0;0.0;0.0;1.0;0.5;1.0;0.0;1.0806745692219433;0.4271164268361054;0.30938142403289104;0.4725284993459167
292;2020-12-13;0.8526324160967075;1.0;1.0;0.0;0.0;0.0;0.0;1.0;0.0;1.0;0.5;0.0;0.6666666666666666;1.0;1.0;0.0;0.0;0.0;1.0;0.5;1.0;0.0;1.0474159311619353;0.4293442775860461;0.3043559369461804;0.46562820632403695
293;2020-12-14;0.8323524733577223;1.0;1.0;0.0;0.0;0.0;0.0;1.0;0.0;1.0;0.5;0.0;0.6666666666666666;1.0;1.0;0.0;0.0;0.0;1.0;0.5;1.0;0.0;1.0116634309121504;0.429294859545194;0.286929103764571;0.4704758264857634
294;2020-12-15;0.7983935104183235;1.0;1.0;0.0;0.0;0.0;0.0;1.0;0.0;1.0;1.0;0.0;0.6666666666666666;1.0;1.0;1.0;0.0;0.0;1.0;0.75;1.0;0.0;0.9762504360063292;0.430022910648471;0.30381512102799085;0.4752465384998506
295;2020-12-16;0.8717989502147288;1.0;1.0;1.0;1.0;1.0;1.0;1.0;0.0;1.0;1.0;0.0;0.6666666666666666;1.0;1.0;1.0;0.0;0.0;1.0;0.75;1.0;0.0;0.9438699579022576;0.4307608100711549;0.29894179894179895;0.4726327312534209
296;2020-12-17;0.7946556386193733;1.0;1.0;1.0;1.0;1.0;1.0;1.0;0.0;1.0;1.0;0.0;0.6666666666666666;1.0;1.0;1.0;0.0;0.0;1.0;0.75;1.0;0.0;0.9162698387360223;0.4287429943955164;0.29683746997598076;0.4677742193755004
297;2020-12-18;0.6974709718466677;1.0;1.0;1.0;1.0;1.0;1.0;1.0;0.0;1.0;1.0;0.0;0.6666666666666666;1.0;1.0;1.0;0.0;0.0;1.0;0.75;1.0;0.0;0.8945730151500616;0.42132269099201825;0.30022805017103765;0.46670467502850627
298;2020-12-19;0.6403690154286623;1.0;1.0;1.0;1.0;1.0;1.0;1.0;0.0;1.0;1.0;0.0;0.6666666666666666;1.0;1.0;1.0;0.0;0.0;1.0;0.75;1.0;0.0;0.8792639565910026;0.4166666666666667;0.28800298062593144;0.4683308494783905
299;2020-12-20;0.5961507873389534;1.0;1.0;1.0;1.0;1.0;1.0;1.0;0.0;1.0;1.0;0.0;0.6666666666666666;1.0;1.0;1.0;0.0;0.0;1.0;0.75;1.0;0.0;0.8706133429941671;0.413153681963714;0.27988260405549625;0.4727854855923159
300;2020-12-21;0.6053761730555114;1.0;1.0;1.0;1.0;1.0;1.0;1.0;0.0;1.0;1.0;0.0;0.6666666666666666;1.0;1.0;1.0;0.0;0.0;1.0;0.75;1.0;0.0;0.8693605469270955;0.4190751445086705;0.2896741986337362;0.45809248554913296
301;2020-12-22;0.6596150787338954;1.0;1.0;1.0;1.0;1.0;1.0;1.0;0.0;1.0;1.0;0.0;0.6666666666666666;1.0;1.0;1.0;0.0;0.0;1.0;0.75;1.0;0.0;0.8746470896672706;0.4297082228116711;0.28900409934892696;0.4512900892211237
302;2020-12-23;0.7293621759185621;1.0;1.0;1.0;1.0;1.0;1.0;1.0;0.0;1.0;1.0;0.0;0.6666666666666666;1.0;1.0;1.0;0.0;0.0;1.0;0.75;1.0;0.0;0.8847603687481558;0.42230945371279033;0.28775487951150364;0.45840148293533967
303;2020-12-24;0.6491967552091618;1.0;1.0;1.0;1.0;1.0;1.0;1.0;0.0;1.0;1.0;0.0;0.6666666666666666;1.0;1.0;1.0;0.0;0.0;1.0;0.75;1.0;0.0;0.896891756043993;0.41345093715545755;0.2964596349381355;0.45828739434031607
304;2020-12-25;0.5494671544456816;1.0;1.0;1.0;1.0;1.0;1.0;1.0;0.0;1.0;1.0;0.0;0.6666666666666666;1.0;1.0;1.0;0.0;0.0;1.0;0.75;1.0;0.0;0.9086240999656844;0.4130843826892459;0.28687219568678535;0.4643218989723549
305;2020-12-26;0.5216319389215842;1.0;1.0;1.0;1.0;1.0;1.0;1.0;0.0;1.0;1.0;0.0;0.6666666666666666;1.0;1.0;1.0;0.0;0.0;1.0;0.75;1.0;0.0;0.9186170922618245;0.40539716420186006;0.28769629516694617;0.4765970422320476
306;2020-12-27;0.5385716557976777;1.0;1.0;1.0;1.0;1.0;1.0;1.0;0.0;1.0;1.0;0.0;0.6666666666666666;1.0;1.0;1.0;0.0;0.0;1.0;0.75;1.0;0.0;0.9267589892065992;0.41125221500295334;0.32132309509746015;0.47430596574128764
307;2020-12-28;0.5714967393033243;1.0;1.0;1.0;1.0;1.0;1.0;1.0;0.0;1.0;1.0;0.0;0.6666666666666666;1.0;1.0;1.0;0.0;0.0;1.0;0.75;1.0;0.0;0.934372351135133;0.39618703033676594;0.3382966880044531;0.46952407458947953
308;2020-12-29;0.6162716717035152;1.0;1.0;1.0;1.0;1.0;1.0;1.0;0.0;1.0;1.0;0.0;0.6666666666666666;1.0;1.0;1.0;0.0;0.0;1.0;0.75;1.0;0.0;0.940853254109639;0.40985933668860497;0.35927216415021296;0.465866563427539
309;2020-12-30;0.6732145697470971;1.0;1.0;1.0;1.0;1.0;1.0;1.0;0.0;1.0;1.0;0.0;0.6666666666666666;1.0;1.0;1.0;0.0;0.0;1.0;0.75;1.0;0.0;0.9444234818026984;0.4029533372711164;0.3473124630832841;0.48127584170112225
310;2020-12-31;0.5633052330205185;1.0;1.0;1.0;1.0;1.0;1.0;1.0;0.0;1.0;1.0;0.0;0.6666666666666666;1.0;1.0;1.0;0.0;0.0;1.0;0.75;1.0;0.0;0.942630446258103;0.39305379076662433;0.3492870252717775;0.48566991387830016
311;2021-01-01;0.5341180213138221;1.0;1.0;1.0;1.0;1.0;1.0;1.0;0.0;1.0;1.0;0.0;0.6666666666666666;1.0;1.0;1.0;0.0;0.0;1.0;0.75;1.0;0.0;0.9337458981749663;0.3986003573555688;0.339041095890411;0.4791542584871948
312;2021-01-02;0.4697789088595515;1.0;1.0;1.0;1.0;1.0;1.0;1.0;0.0;1.0;1.0;0.0;0.6666666666666666;1.0;1.0;1.0;0.0;0.0;1.0;0.75;1.0;0.0;0.91903123302792;0.39106145251396646;0.32266802099204334;0.4589470120196377
313;2021-01-03;0.4339112454270717;1.0;1.0;1.0;1.0;1.0;1.0;1.0;0.0;1.0;1.0;0.0;0.6666666666666666;1.0;1.0;1.0;0.0;0.0;1.0;0.75;1.0;0.0;0.9021172139398562;0.39552785923753664;0.29472140762463345;0.4655425219941349
314;2021-01-04;0.4226976300302211;1.0;1.0;1.0;1.0;1.0;1.0;1.0;0.0;1.0;1.0;0.0;0.6666666666666666;1.0;1.0;1.0;0.0;0.0;1.0;0.75;1.0;0.0;0.8883062434049204;0.4041392285983067;0.28203198494825965;0.47714016933207903
315;2021-01-05;0.42381103865118497;1.0;1.0;1.0;1.0;1.0;1.0;1.0;0.0;1.0;1.0;0.0;0.6666666666666666;1.0;1.0;1.0;0.0;0.0;1.0;0.75;1.0;0.0;0.8815246749798994;0.40908237943328957;0.3008069056108088;0.4725089134922124
316;2021-01-06;0.48504851280419914;1.0;1.0;1.0;1.0;1.0;1.0;1.0;0.0;1.0;1.0;0.0;0.6666666666666666;1.0;1.0;1.0;0.0;0.0;1.0;0.75;1.0;0.0006285575579252257;0.8835327613160279;0.4030168880144286;0.2929988522708641;0.49155599278570256
317;2021-01-07;0.46707491649435345;1.0;1.0;1.0;1.0;1.0;1.0;1.0;0.0;1.0;1.0;0.0;0.6666666666666666;1.0;1.0;1.0;0.0;0.0;1.0;0.75;1.0;0.0016752247195707256;0.8927325360868074;0.4221011408138941;0.31670355865826666;0.4755661501787843
318;2021-01-08;0.454986480038174;1.0;1.0;1.0;1.0;1.0;1.0;1.0;0.0;1.0;1.0;0.0;0.6666666666666666;1.0;1.0;1.0;0.0;0.0;1.0;0.75;1.0;0.0029495493643865354;0.905728015564595;0.39136514595350463;0.2913826254151372;0.474217794091942
319;2021-01-09;0.4023381581040242;1.0;1.0;1.0;1.0;1.0;1.0;1.0;0.0;1.0;1.0;0.0;0.6666666666666666;1.0;1.0;1.0;0.0;0.0;1.0;0.75;1.0;0.004222071106167879;0.9188656382358475;0.38723067799960464;0.3018383079660012;0.4583909863609409
320;2021-01-10;0.3989184030539208;1.0;1.0;1.0;1.0;1.0;1.0;1.0;0.0;1.0;1.0;0.0;0.6666666666666666;1.0;1.0;1.0;0.0;0.0;1.0;0.75;1.0;0.00553212601112129;0.9293756467231742;0.38955342902711326;0.275518341307815;0.4996012759170654
321;2021-01-11;0.3869094957849531;1.0;1.0;1.0;1.0;1.0;1.0;1.0;0.0;1.0;1.0;0.0;0.6666666666666666;1.0;1.0;1.0;0.0;0.0;1.0;0.75;1.0;0.007104093556899865;0.9369501336915571;0.40184994861253853;0.2867420349434738;0.4721479958890031
322;2021-01-12;0.3869890249721648;1.0;1.0;1.0;1.0;1.0;1.0;1.0;0.0;1.0;1.0;0.0;0.6666666666666666;1.0;1.0;1.0;0.0;0.0;1.0;0.75;1.0;0.008258934900613331;0.9415879336459072;0.4081381011097411;0.29983559391697495;0.4743115495273325
323;2021-01-13;0.4562589470335613;1.0;1.0;1.0;1.0;1.0;1.0;1.0;0.0;1.0;1.0;0.0;0.6666666666666666;1.0;1.0;1.0;0.0;0.0;1.0;0.75;1.0;0.009186282661432347;0.9443257815821934;0.40160362558828655;0.29283597699145897;0.48736273313578526
324;2021-01-14;0.4203912836010816;1.0;1.0;1.0;1.0;1.0;1.0;1.0;0.0;1.0;1.0;0.0;0.6666666666666666;1.0;1.0;1.0;0.0;0.0;1.0;0.75;1.0;0.010113138721423783;0.9448496922325949;0.4035187287173666;0.31214528944381387;0.47635262958758984
325;2021-01-15;0.4184030539207889;1.0;1.0;1.0;1.0;1.0;1.0;1.0;0.0;1.0;1.0;0.0;0.6666666666666666;1.0;1.0;1.0;0.0;0.0;1.0;0.75;1.0;0.01100229771796729;0.9420864824057855;0.4139897357916746;0.2980421973008934;0.4755749857441551
326;2021-01-16;0.35644981708286944;1.0;1.0;1.0;1.0;1.0;1.0;1.0;0.0;1.0;1.0;0.0;0.6666666666666666;1.0;1.0;1.0;0.0;0.0;1.0;0.75;1.0;0.01181573478706322;0.9356881177453015;0.40450691655510934;0.29518072289156627;0.4674252565818831
327;2021-01-17;0.3419755050103388;1.0;1.0;1.0;1.0;1.0;1.0;1.0;0.0;1.0;1.0;0.0;0.6666666666666666;1.0;1.0;1.0;0.0;0.0;1.0;0.75;1.0;0.01262917185615915;0.9258090854624397;0.41069767441860466;0.2855813953488372;0.4841860465116279
328;2021-01-18;0.3421345633847622;1.0;1.0;1.0;1.0;1.0;1.0;1.0;0.0;1.0;1.0;0.0;0.6666666666666666;1.0;1.0;1.0;0.0;0.0;1.0;0.75;1.0;0.01483182766344914;0.9148493425568415;0.4153881915388192;0.28544862854486286;0.48419339841933984
329;2021-01-19;0.32575155081915064;1.0;1.0;1.0;1.0;1.0;1.0;1.0;0.0;1.0;1.0;0.0;0.6666666666666666;1.0;1.0;1.0;0.0;0.0;1.0;0.75;1.0;0.01703448347073913;0.9051441563546138;0.418701171875;0.294677734375;0.46533203125
330;2021-01-20;0.3574836965166216;1.0;1.0;1.0;1.0;1.0;1.0;1.0;0.0;1.0;1.0;0.0;0.6666666666666666;1.0;1.0;1.0;0.0;0.0;1.0;0.75;1.0;0.01923697537775326;0.8989950022336911;0.40622914349276973;0.3003337041156841;0.4622914349276974
331;2021-01-21;0.32606966756799743;1.0;1.0;1.0;1.0;1.0;1.0;1.0;0.0;1.0;1.0;0.0;0.6666666666666666;1.0;1.0;1.0;0.0;0.0;1.0;0.75;1.0;0.021438975583939805;0.8970236219981529;0.41292682926829266;0.30146341463414633;0.4746341463414634
332;2021-01-22;0.33068236042627647;1.0;1.0;1.0;1.0;1.0;1.0;1.0;0.0;1.0;1.0;0.0;0.6666666666666666;1.0;1.0;1.0;0.0;0.0;1.0;0.75;1.0;0.023780454924883683;0.8989388193030684;0.42592592592592593;0.30687830687830686;0.4793169793169793
333;2021-01-23;0.3030062032766025;1.0;1.0;1.0;1.0;1.0;1.0;1.0;0.0;1.0;1.0;0.0;0.6666666666666666;1.0;1.0;1.0;0.0;0.0;1.0;1.0;1.0;0.025554183710246602;0.9037806399631573;0.4131233595800525;0.2963254593175853;0.47244094488188976
334;2021-01-24;0.291474471130905;1.0;1.0;1.0;1.0;1.0;1.0;1.0;0.0;1.0;1.0;0.0;0.6666666666666666;1.0;1.0;1.0;0.0;0.0;1.0;1.0;1.0;0.02732774859533366;0.9102231642148222;0.4242837653478854;0.2984993178717599;0.47175989085948156
335;2021-01-25;0.28304437728646414;1.0;1.0;1.0;1.0;1.0;1.0;1.0;0.0;1.0;1.0;0.0;0.6666666666666666;1.0;1.0;1.0;0.0;0.0;1.0;1.0;1.0;0.02994753060468876;0.9182284691090484;0.43130092722674906;0.29924135993256534;0.47681933127282944
336;2021-01-26;0.28463496103069824;1.0;1.0;1.0;1.0;1.0;1.0;1.0;0.0;1.0;1.0;0.0;0.6666666666666666;1.0;1.0;1.0;0.0;0.0;1.0;1.0;1.0;0.033136702172383424;0.9269007522683095;0.41017043867001957;0.2995250069851914;0.4702430846605197
337;2021-01-27;0.3276602513122316;1.0;1.0;1.0;1.0;1.0;1.0;1.0;0.0;1.0;1.0;0.0;0.6666666666666666;1.0;1.0;1.0;0.0;0.0;1.0;1.0;1.0;0.03745219643579182;0.9357570752432388;0.4286407766990291;0.2970873786407767;0.48398058252427184
338;2021-01-28;0.3062668999522825;1.0;1.0;1.0;1.0;1.0;1.0;1.0;0.0;1.0;1.0;0.0;0.6666666666666666;1.0;1.0;1.0;0.0;0.0;1.0;1.0;1.0;0.0424134577860908;0.9436077682449128;0.46065956894313165;0.3121267203323812;0.4806543754868865
339;2021-01-29;0.31159535549546685;1.0;1.0;1.0;1.0;1.0;1.0;1.0;0.0;1.0;1.0;0.0;0.6666666666666666;1.0;1.0;1.0;0.0;0.0;1.0;1.0;1.0;0.048053102378176615;0.9492472802104759;0.4453802960694232;0.312149055640633;0.4742215416028586
340;2021-01-30;0.28216955622713535;1.0;1.0;1.0;1.0;1.0;1.0;1.0;0.0;1.0;1.0;0.0;0.6666666666666666;1.0;1.0;1.0;0.0;0.0;1.0;1.0;1.0;0.05311925990502635;0.9521845510501944;0.43122886133032695;0.31510710259301017;0.47547914317925594
341;2021-01-31;0.25377763639255607;1.0;1.0;1.0;1.0;1.0;1.0;1.0;0.0;1.0;1.0;0.0;0.6666666666666666;1.0;1.0;1.0;0.0;0.0;1.0;1.0;1.0;0.05772633275919067;0.9529837853246311;0.44562832967721716;0.2845502977123159;0.46380445001566906
342;2021-02-01;0.23970097025608397;1.0;1.0;1.0;1.0;1.0;1.0;1.0;0.0;1.0;1.0;0.0;0.6666666666666666;1.0;1.0;1.0;0.0;0.0;1.0;1.0;1.0;0.06337450016562123;0.9538443056571055;0.4316522893165229;0.291970802919708;0.5019907100199071
343;2021-02-02;0.2668999522824877;1.0;1.0;1.0;1.0;1.0;1.0;1.0;0.0;1.0;1.0;0.0;0.6666666666666666;1.0;1.0;1.0;0.0;0.0;1.0;1.0;1.0;0.06904938331701706;0.9570440833405565;0.47079856972586415;0.2943980929678188;0.483015494636472
344;2021-02-03;0.29863209797995866;1.0;1.0;1.0;1.0;1.0;1.0;1.0;0.0;1.0;1.0;0.0;0.6666666666666666;1.0;1.0;1.0;0.0;0.0;1.0;1.0;1.0;0.07442678746772599;0.9644522697080526;0.46977363515312914;0.2993342210386152;0.4806924101198402
345;2021-02-04;0.31406076029902974;1.0;1.0;1.0;1.0;1.0;1.0;1.0;0.0;1.0;1.0;0.0;0.6666666666666666;1.0;1.0;1.0;0.0;0.0;1.0;1.0;1.0;0.08009658971057014;0.9757771439173513;0.4887313243859205;0.30817928589516336;0.4808812357558876
346;2021-02-05;0.28519166534118023;1.0;1.0;1.0;1.0;1.0;1.0;1.0;0.0;1.0;1.0;0.0;0.6666666666666666;1.0;1.0;1.0;0.0;0.0;1.0;1.0;1.0;0.08555053529010595;0.9899920162549991;0.4709983268265477;0.3430005577244841;0.49442275515895145
347;2021-02-06;0.25799268331477654;1.0;1.0;1.0;1.0;1.0;1.0;1.0;0.0;1.0;1.0;0.0;0.6666666666666666;1.0;1.0;1.0;0.0;0.0;1.0;1.0;1.0;0.09009516213916739;1.0056373424294565;0.44944512946979037;0.30055487053020963;0.46824907521578296
348;2021-02-07;0.2610943216160331;1.0;1.0;1.0;1.0;1.0;1.0;1.0;0.0;1.0;1.0;0.0;0.6666666666666666;1.0;1.0;1.0;0.0;0.0;1.0;1.0;1.0;0.09397123976299364;1.0221313582195677;0.45933597319524827;0.3088638440450807;0.4770027413950655
349;2021-02-08;0.2595037378717989;1.0;1.0;0.0;1.0;1.0;0.0;1.0;0.0;1.0;1.0;0.0;0.6666666666666666;1.0;1.0;1.0;0.0;0.0;1.0;1.0;1.0;0.09940191150335725;1.0408256829137394;0.4728777198896721;0.3046276432730616;0.49249157217284706
350;2021-02-09;0.29282646731350404;1.0;1.0;0.0;1.0;1.0;0.0;1.0;0.0;1.0;1.0;0.0;0.6666666666666666;1.0;1.0;1.0;0.0;0.0;1.0;1.0;1.0;0.10469359580979111;1.062310732492581;0.48071700162954917;0.32862574687669743;0.5108636610537751
351;2021-02-10;0.3467472562430412;1.0;1.0;0.0;1.0;1.0;0.0;1.0;0.0;1.0;1.0;0.0;0.6666666666666666;1.0;1.0;1.0;0.0;0.0;1.0;1.0;1.0;0.1099336515293289;1.086157589814507;0.47889908256880737;0.336697247706422;0.49220183486238533
352;2021-02-11;0.366868140607603;1.0;1.0;0.0;1.0;1.0;0.0;1.0;0.0;1.0;1.0;0.0;0.6666666666666666;1.0;1.0;1.0;0.0;0.0;1.0;1.0;1.0;0.11516731513810811;1.1089438173148074;0.4684587036635595;0.3292867981790592;0.48211575980923477
353;2021-02-12;0.36384603149355815;1.0;1.0;0.0;1.0;1.0;0.0;1.0;0.0;1.0;1.0;0.0;0.6666666666666666;1.0;1.0;1.0;0.0;0.0;1.0;1.0;1.0;0.12040081484661147;1.1258844588054937;0.44612021857923495;0.33814207650273226;0.48743169398907105
354;2021-02-13;0.34269126769524416;1.0;1.0;0.0;1.0;1.0;0.0;1.0;0.0;1.0;1.0;0.0;0.6666666666666666;1.0;1.0;1.0;0.0;0.0;1.0;1.0;1.0;0.12506541669760285;1.1330300150542858;0.4648410304014853;0.3253655140403806;0.49199350197261543
355;2021-02-14;0.34308891363130267;1.0;1.0;0.0;1.0;1.0;0.0;1.0;0.0;1.0;1.0;0.0;0.6666666666666666;1.0;1.0;1.0;0.0;0.0;1.0;1.0;1.0;0.12972952684776665;1.1285091903477256;0.4675475197032916;0.33773759851645807;0.48307834955957346
356;2021-02-15;0.3386352791474471;1.0;1.0;0.0;1.0;1.0;0.0;1.0;0.0;1.0;1.0;0.0;0.6666666666666666;1.0;1.0;1.0;0.0;0.0;1.0;1.0;1.0;0.13490992286689119;1.1142738062496225;0.4833255049318929;0.3442930953499295;0.4960075152653828
357;2021-02-16;0.3466677270558295;1.0;1.0;0.0;1.0;1.0;0.0;1.0;0.0;1.0;1.0;0.0;0.6666666666666666;1.0;1.0;1.0;0.0;0.0;1.0;1.0;1.0;0.14009015498573985;1.093926969744077;0.49850883230098647;0.3434273916035788;0.4769442532690984
358;2021-02-17;0.4040878002226817;1.0;1.0;0.0;1.0;1.0;0.0;1.0;0.0;1.0;1.0;0.0;0.6666666666666666;1.0;1.0;1.0;0.0;0.0;1.0;1.0;1.0;0.1458876355434794;1.07150504472339;0.492029128124385;0.3623302499507971;0.49045463491438696
359;2021-02-18;0.37251471289963417;1.0;1.0;0.0;1.0;1.0;0.0;1.0;0.0;1.0;1.0;0.0;0.6666666666666666;1.0;1.0;1.0;0.0;0.0;1.0;1.0;1.0;0.1519058897728031;1.0498284376950535;0.5170794192997438;0.36315115286080274;0.4829205807002562
360;2021-02-19;0.3660728487354859;1.0;1.0;0.0;1.0;1.0;0.0;1.0;0.0;1.0;1.0;0.0;0.6666666666666666;1.0;1.0;1.0;0.0;0.0;1.0;1.0;1.0;0.1582996395341233;1.0305880666243887;0.50858135998262;0.3638931131870519;0.49250488811644577
361;2021-02-20;0.3290122474948306;1.0;1.0;0.0;1.0;1.0;0.0;1.0;0.0;1.0;1.0;0.0;0.6666666666666666;1.0;1.0;1.0;0.0;0.0;1.0;1.0;1.0;0.16454079813861736;1.0147194033183966;0.5095479816291999;0.36137297558617354;0.47280638143582304
362;2021-02-21;0.3267854302529028;1.0;1.0;0.0;1.0;1.0;0.0;1.0;0.0;1.0;1.0;0.0;0.6666666666666666;1.0;1.0;1.0;0.0;0.0;1.0;1.0;1.0;0.17078113724173208;1.003045205509421;0.5037722073497202;0.35921148697980043;0.5057191530786079
363;2021-02-22;0.3363289327183076;1.0;1.0;0.0;1.0;1.0;0.0;1.0;0.0;1.0;1.0;0.0;0.6666666666666666;1.0;1.0;1.0;0.0;0.0;1.0;1.0;1.0;0.1769734535640197;0.9972482203154339;0.5003546937810357;0.36013241901158666;0.4908961929534169
364;2021-02-23;0.3373628121520598;1.0;1.0;0.0;1.0;1.0;0.0;1.0;0.0;1.0;1.0;0.0;0.6666666666666666;1.0;1.0;1.0;0.0;0.0;1.0;1.0;1.0;0.1841304869100225;0.9976720941475485;0.5023573785950024;0.38283828382838286;0.4981140971239981
365;2021-02-24;0.40170192460633053;1.0;1.0;0.0;1.0;1.0;0.0;1.0;0.0;1.0;1.0;0.0;0.6666666666666666;1.0;1.0;1.0;0.0;0.0;1.0;1.0;1.0;0.19241761265808385;1.0042459926764906;0.509008117204514;0.3870520688972481;0.5034646604632746
366;2021-02-25;0.3618578018132655;1.0;1.0;0.0;1.0;1.0;0.0;1.0;0.0;1.0;1.0;0.0;0.6666666666666666;1.0;1.0;1.0;0.0;0.0;1.0;1.0;1.0;0.2011700512893133;1.0154709829688513;0.4956043956043956;0.3984615384615385;0.48813186813186815
367;2021-02-26;0.3743438842055034;1.0;1.0;0.0;1.0;1.0;0.0;1.0;0.0;1.0;1.0;0.0;0.6666666666666666;1.0;1.0;1.0;0.0;0.0;1.0;1.0;1.0;0.21066004116191528;1.0295266732000798;0.502018270660718;0.39451880178457616;0.5060548119821542
368;2021-02-27;0.3471449021790997;1.0;1.0;0.0;1.0;1.0;0.0;1.0;0.0;1.0;1.0;0.0;0.6666666666666666;1.0;1.0;1.0;0.0;0.0;1.0;1.0;1.0;0.2193303657549386;1.0450215826689677;0.4923253150057274;0.39037800687285223;0.4941580756013746
369;2021-02-28;0.3717194210275171;1.0;1.0;0.0;1.0;1.0;0.0;1.0;0.0;1.0;1.0;0.0;0.6666666666666666;1.0;1.0;1.0;0.0;0.0;1.0;1.0;1.0;0.22736688798120916;1.0610881577553084;0.5006418485237484;0.36970474967907574;0.48694908001711595
370;2021-03-01;0.38667090822331796;1.0;1.0;0.0;1.0;0.5;0.0;1.0;0.0;1.0;1.0;0.0;0.6666666666666666;1.0;1.0;1.0;0.0;0.0;1.0;1.0;1.0;0.2347886202727268;1.0782190627185508;0.5018510900863842;0.37145207733443025;0.5016454134101193
371;2021-03-02;0.3933513599491013;1.0;1.0;0.0;1.0;0.5;0.0;1.0;0.0;1.0;1.0;0.0;0.6666666666666666;1.0;1.0;1.0;0.0;0.0;1.0;1.0;1.0;0.24239228187044962;1.09571867950756;0.4985847149211484;0.3887990295188031;0.5036393044884755
372;2021-03-03;0.46604103706060124;1.0;1.0;0.0;1.0;0.5;0.0;1.0;0.0;1.0;0.5;0.0;0.6666666666666666;1.0;1.0;0.5;0.0;0.0;1.0;1.0;1.0;0.24971042918762337;1.112752193135077;0.5020477815699659;0.4066552901023891;0.5011945392491468
373;2021-03-04;0.47773182758072213;1.0;1.0;0.0;1.0;0.5;0.0;1.0;0.0;1.0;0.5;0.0;0.6666666666666666;1.0;1.0;0.5;0.0;0.0;1.0;1.0;1.0;0.2569376118516945;1.1267842152870786;0.5115698351922757;0.388047278175462;0.5057432994839354
374;2021-03-05;0.48846826785430253;1.0;1.0;0.0;1.0;0.5;0.0;1.0;0.0;1.0;0.5;0.0;0.6666666666666666;1.0;1.0;0.5;0.0;0.0;1.0;1.0;1.0;0.26388059143742343;1.135351678566145;0.5;0.3840768479322696;0.4905568218821231
375;2021-03-06;0.4546683632893272;1.0;1.0;0.0;1.0;0.5;0.0;1.0;0.0;1.0;0.5;0.0;0.6666666666666666;1.0;1.0;0.5;0.0;0.0;1.0;1.0;1.0;0.27017173962605495;1.1371612782063096;0.4986881231415078;0.38184362427846774;0.5006122092006297
376;2021-03-07;0.4681087959281056;1.0;1.0;0.0;1.0;0.5;0.0;1.0;0.0;1.0;0.5;0.0;0.6666666666666666;1.0;1.0;0.5;0.0;0.0;1.0;1.0;1.0;0.275807614511796;1.1322635189809163;0.4954128440366973;0.3839619435949711;0.5135915732246007
377;2021-03-08;0.47351678065850167;1.0;1.0;0.0;1.0;0.5;0.0;1.0;0.0;1.0;0.5;0.0;0.6666666666666666;1.0;1.0;0.5;0.0;0.0;1.0;1.0;1.0;0.2825417851460786;1.1233614122500204;0.4996640913671481;0.37285858246556935;0.4958011420893517
378;2021-03-09;0.4643709241291554;1.0;1.0;0.0;1.0;0.5;0.0;1.0;0.0;1.0;0.5;0.0;0.6666666666666666;1.0;1.0;0.5;0.0;0.0;1.0;1.0;1.0;0.28938527726436014;1.113004211058456;0.49494776502825827;0.38825141291317006;0.5041959239595821
379;2021-03-10;0.5472403372037538;1.0;1.0;0.0;1.0;0.5;0.0;1.0;0.0;1.0;0.5;0.0;0.6666666666666666;1.0;1.0;0.5;0.0;0.0;1.0;1.0;1.0;0.29623614489505545;1.1041408466646159;0.4951315215811655;0.4066269437581747;0.4993460252870222
380;2021-03-11;0.5660887545729283;1.0;1.0;0.0;1.0;0.5;0.0;1.0;0.0;1.0;0.5;0.0;0.6666666666666666;1.0;1.0;0.5;0.0;0.0;1.0;1.0;1.0;0.30307734240947504;1.0974882435388145;0.5068839561674627;0.39969092441697107;0.48890137679123347
381;2021-03-12;0.5612374741530142;1.0;1.0;0.0;1.0;0.5;0.0;1.0;0.0;1.0;0.5;0.0;0.6666666666666666;1.0;1.0;0.5;0.0;0.0;1.0;1.0;1.0;0.3095600900205875;1.092599023437252;0.49057673232251664;0.39832790137452173;0.49666997307637806
382;2021-03-13;0.5030221091140449;1.0;1.0;0.0;1.0;0.5;0.0;1.0;0.0;1.0;0.5;0.0;0.6666666666666666;1.0;1.0;0.5;0.0;0.0;1.0;1.0;1.0;0.3160582442576309;1.0886303428160564;0.4942292490118577;0.3952569169960474;0.4874308300395257
383;2021-03-14;0.5250516939716876;1.0;1.0;0.0;1.0;0.5;0.0;1.0;0.0;1.0;0.5;0.0;0.6666666666666666;1.0;1.0;0.5;0.0;0.0;1.0;1.0;1.0;0.3225198487331574;1.0843804888198236;0.49712208421690396;0.3868524689488034;0.5039382005452893
384;2021-03-15;0.552886909495785;1.0;1.0;0.0;1.0;0.5;0.0;1.0;0.0;1.0;0.5;0.0;0.6666666666666666;1.0;1.0;0.5;0.0;0.0;1.0;1.0;1.0;0.32750618682566307;1.0801976626596748;0.49108170310701954;0.38176064441887225;0.4943901035673188
385;2021-03-16;0.5540798473039605;1.0;1.0;0.0;1.0;0.5;0.0;1.0;0.0;1.0;0.5;0.0;0.6666666666666666;1.0;1.0;0.5;0.0;0.0;1.0;1.0;1.0;0.33252546887361667;1.0758396831742074;0.4943304148126884;0.39285201664992103;0.5083967274293096
386;2021-03-17;0.6281215205980595;1.0;1.0;0.0;1.0;0.5;0.0;1.0;0.0;1.0;0.5;0.0;0.6666666666666666;1.0;1.0;0.5;0.0;0.0;1.0;1.0;1.0;0.3375811367828113;1.0712625016105788;0.4922765257027095;0.40402633578121044;0.5107622182831096
387;2021-03-18;0.6256561157944965;1.0;1.0;0.0;1.0;0.5;0.0;1.0;0.0;1.0;0.5;0.0;0.6666666666666666;1.0;1.0;0.5;0.0;0.0;1.0;1.0;1.0;0.3426184478611096;1.0649295608448848;0.49370789373331636;0.4084148976738274;0.499046650565654
388;2021-03-19;0.6270876411643073;1.0;1.0;0.0;1.0;0.5;0.0;1.0;0.0;1.0;0.5;0.0;0.6666666666666666;1.0;1.0;0.5;0.0;0.0;1.0;1.0;1.0;0.3476006884467187;1.055403158351168;0.49384908053265697;0.3969562460367787;0.48877615726062146
389;2021-03-20;0.5610784157785907;1.0;1.0;0.0;1.0;0.5;0.0;1.0;0.0;1.0;0.5;0.0;0.6666666666666666;1.0;1.0;0.5;0.0;0.0;1.0;1.0;1.0;0.35258210953094854;1.0420752886352436;0.4789510985116938;0.39036144578313253;0.496243798724309
390;2021-03-21;0.5534436138062669;1.0;1.0;0.0;1.0;0.5;0.0;1.0;0.0;1.0;0.5;0.0;0.6666666666666666;1.0;1.0;0.5;0.0;0.0;1.0;1.0;1.0;0.35756320281462667;1.0251116049109126;0.4841212817933611;0.38453800833453083;0.4956171863773531
391;2021-03-22;0.5370606012406554;1.0;1.0;0.0;1.0;0.5;0.0;1.0;0.0;1.0;0.5;0.0;0.6666666666666666;1.0;1.0;0.5;0.0;0.0;1.0;1.0;1.0;0.36253724838644275;1.0072384987851632;0.4945949948171183;0.3802754331408263;0.5092551458610988
392;2021-03-23;0.5243359312867822;1.0;1.0;0.0;1.0;0.5;0.0;1.0;0.0;1.0;0.5;0.0;0.6666666666666666;1.0;1.0;0.5;0.0;0.0;1.0;1.0;1.0;0.36810674366046026;0.9908725218189776;0.49446382526922494;0.3945093280752313;0.5047777946306689
393;2021-03-24;0.6126133290917767;1.0;1.0;0.0;1.0;0.5;0.0;1.0;0.0;1.0;0.5;0.0;0.6666666666666666;1.0;1.0;0.5;0.0;0.0;1.0;1.0;1.0;0.37564713975170094;0.9782012923183374;0.47812540568609635;0.40023367519148384;0.5101908347397118
394;2021-03-25;0.5666454588834102;1.0;1.0;0.0;1.0;0.5;0.0;1.0;0.0;1.0;0.5;0.0;0.6666666666666666;1.0;1.0;0.5;0.0;0.0;1.0;1.0;1.0;0.38317737402583824;0.9700858849520795;0.48140350877192983;0.40785964912280703;0.5066666666666667
395;2021-03-26;0.5633052330205185;1.0;1.0;0.0;1.0;0.5;0.0;1.0;0.0;1.0;0.5;0.0;0.6666666666666666;1.0;1.0;0.5;0.0;0.0;1.0;1.0;1.0;0.39099918689073143;0.9661952142859743;0.4653395453903713;0.3951715374841169;0.5017647889312439
396;2021-03-27;0.5147128996341658;1.0;1.0;0.0;1.0;0.5;0.0;1.0;0.0;1.0;0.5;0.0;0.6666666666666666;1.0;1.0;0.5;0.0;0.0;1.0;1.0;1.0;0.3986543131750745;0.9660850141333776;0.4819221260815822;0.38365265760197775;0.49582818294190356
397;2021-03-28;0.5015905837442342;1.0;1.0;0.0;1.0;0.5;0.0;1.0;0.0;1.0;0.5;0.0;0.6666666666666666;1.0;1.0;0.5;0.0;0.0;1.0;1.0;1.0;0.4063087838583141;0.9694922654767512;0.47756461074996037;0.38179800221975585;0.5068970984620264
398;2021-03-29;0.5099411484014633;1.0;1.0;0.0;1.0;0.5;0.0;1.0;0.0;1.0;0.5;0.0;0.6666666666666666;1.0;1.0;0.5;0.0;0.0;1.0;1.0;1.0;0.4166163083069085;0.977003411218697;0.48034934497816595;0.3889582033686837;0.49766063630692453
399;2021-03-30;0.5081915062828057;1.0;1.0;0.0;1.0;0.5;0.0;1.0;0.0;1.0;0.5;0.0;0.6666666666666666;1.0;1.0;0.5;0.0;0.0;1.0;1.0;1.0;0.4275628799310832;0.9888277748803583;0.47981220657276996;0.3960876369327074;0.5062597809076682
400;2021-03-31;0.5582153650389693;1.0;1.0;0.0;1.0;0.5;0.0;1.0;0.0;1.0;0.5;0.0;0.6666666666666666;1.0;1.0;0.5;0.0;0.0;1.0;1.0;1.0;0.4394400773215941;1.0046706949664759;0.48055278529705087;0.40276392648525433;0.5067673457757516
401;2021-04-01;0.62255447749324;1.0;1.0;0.0;1.0;0.5;0.0;1.0;0.0;1.0;0.5;0.0;0.6666666666666666;1.0;1.0;0.5;0.0;0.0;1.0;1.0;1.0;0.45128908386465705;1.022225052178471;0.46653040367910065;0.4070005109862034;0.49706182933060805
402;2021-04-02;0.619055193255925;1.0;1.0;0.0;1.0;0.5;0.0;1.0;0.0;1.0;0.5;0.0;0.6666666666666666;1.0;1.0;0.5;0.0;0.0;1.0;1.0;1.0;0.46350162121957866;1.0384681062378966;0.46621274409044194;0.3933710174717369;0.4926772867420349
403;2021-04-03;0.5826308255129633;1.0;1.0;0.0;1.0;0.5;0.0;1.0;0.0;1.0;0.5;0.0;0.6666666666666666;1.0;1.0;0.5;0.0;0.0;1.0;1.0;1.0;0.471773504241985;1.0503318894764564;0.4675129675129675;0.37674037674037675;0.4836199836199836
404;2021-04-04;0.5703833306823605;1.0;1.0;0.0;1.0;0.5;0.0;1.0;0.0;1.0;0.5;0.0;0.6666666666666666;1.0;1.0;0.5;0.0;0.0;1.0;1.0;1.0;0.4797833107232903;1.0558247070205706;0.45468488566648074;0.3759063022866704;0.49344673731176797
405;2021-04-05;0.5711786225544775;1.0;1.0;0.0;1.0;0.5;0.0;1.0;0.0;1.0;0.5;0.0;0.6666666666666666;1.0;1.0;0.5;0.0;0.0;1.0;1.0;1.0;0.48867735919286326;1.0558853344247352;0.46087440824282927;0.3933444722918407;0.5105820105820106
406;2021-04-06;0.5512963257515509;1.0;1.0;0.0;1.0;0.5;0.0;1.0;0.0;1.0;0.5;0.0;0.6666666666666666;1.0;1.0;0.5;0.0;0.0;1.0;1.0;1.0;0.5021152150101184;1.052348821810081;0.46609924985574147;0.39671090594345065;0.503462204270052
407;2021-04-07;0.6315412756481629;1.0;1.0;0.0;1.0;0.5;0.0;1.0;0.0;1.0;0.5;0.0;0.6666666666666666;1.0;1.0;0.5;0.0;0.0;1.0;1.0;1.0;0.5173517124546673;1.0483975124671434;0.47550686311547663;0.4067497796247324;0.5028333962976955
408;2021-04-08;0.6460155877206935;1.0;1.0;0.0;1.0;0.5;0.0;1.0;0.0;1.0;0.5;0.0;0.6666666666666666;1.0;1.0;0.5;0.0;0.0;1.0;1.0;1.0;0.5339043291143764;1.0458450779756419;0.47777914563584883;0.429151791210144;0.5069555582912717
409;2021-04-09;0.6515031016383013;1.0;1.0;0.0;1.0;0.5;0.0;1.0;0.0;1.0;0.5;0.0;0.6666666666666666;1.0;1.0;0.5;0.0;0.0;1.0;1.0;1.0;0.5513074243055258;1.0449251994131492;0.47265625;0.406494140625;0.5037841796875
410;2021-04-10;0.5999681883251153;1.0;1.0;0.0;1.0;0.5;0.0;1.0;0.0;1.0;0.5;0.0;0.6666666666666666;1.0;1.0;0.5;0.0;0.0;1.0;1.0;1.0;0.5678780699955797;1.0450882131744363;0.4687168610816543;0.40137857900318136;0.49774655355249203
411;2021-04-11;0.6056942898043582;1.0;1.0;0.0;1.0;0.5;0.0;1.0;0.0;1.0;0.5;0.0;0.6666666666666666;1.0;1.0;0.5;0.0;0.0;1.0;1.0;1.0;0.5842520353546007;1.0445185014347211;0.4803046218487395;0.39233193277310924;0.48608193277310924
412;2021-04-12;0.6254175282328615;1.0;1.0;0.0;1.0;0.5;0.0;1.0;0.0;1.0;0.5;0.0;0.6666666666666666;1.0;1.0;0.5;0.0;0.0;1.0;1.0;1.0;0.6036189836511113;1.0424760981798402;0.4646490335707019;0.3939471007121058;0.5067395727365208
413;2021-04-13;0.63559726419596;1.0;1.0;0.0;1.0;0.5;0.0;1.0;0.0;1.0;0.5;0.0;0.6666666666666666;1.0;1.0;0.5;0.0;0.0;1.0;1.0;1.0;0.6229683946181049;1.0380571706826387;0.47184684684684686;0.40903403403403404;0.5146396396396397
414;2021-04-14;0.7297598218546206;1.0;1.0;0.0;1.0;0.5;0.0;1.0;0.0;1.0;0.5;0.0;0.6666666666666666;1.0;1.0;0.5;0.0;0.0;1.0;1.0;1.0;0.6422507703722716;1.0304363283122735;0.46959459459459457;0.4184829991281604;0.513077593722755
415;2021-04-15;0.6724192778749801;1.0;1.0;0.0;1.0;0.5;0.0;1.0;0.0;1.0;0.5;0.0;0.6666666666666666;1.0;1.0;0.5;0.0;0.0;1.0;1.0;1.0;0.6610655386394081;1.0188058116454148;0.45109402720283853;0.42767593140153753;0.5018332347723241
416;2021-04-16;0.6445045331636711;1.0;1.0;0.0;1.0;0.5;0.0;1.0;0.0;1.0;0.5;0.0;0.6666666666666666;1.0;1.0;0.5;0.0;0.0;1.0;1.0;1.0;0.6794256475413074;1.0032823480425437;0.45372655478775914;0.4094274432379072;0.5012339585389931
417;2021-04-17;0.5699061555590902;1.0;1.0;0.0;1.0;0.5;0.0;1.0;0.0;1.0;0.5;0.0;0.6666666666666666;1.0;1.0;0.5;0.0;0.0;1.0;1.0;1.0;0.6970614811241789;0.9851952412741163;0.43929667876081496;0.4065029305051633;0.4969299469718113
418;2021-04-18;0.5510577381899157;1.0;1.0;0.0;1.0;0.5;0.0;1.0;0.0;1.0;0.5;0.0;0.6666666666666666;1.0;1.0;0.5;0.0;0.0;1.0;1.0;1.0;0.7143405038065019;0.9672099335832038;0.43325155145042576;0.3870688411026122;0.4993505556357339
419;2021-04-19;0.5568633688563703;1.0;1.0;0.0;1.0;0.5;0.0;1.0;0.0;1.0;0.5;0.0;0.6666666666666666;1.0;1.0;0.5;0.0;0.0;1.0;1.0;1.0;0.731845217168685;0.9534796726696586;0.4333047700656955;0.3866038274778635;0.5084261639531562
420;2021-04-20;0.5361857801813266;1.0;1.0;0.0;1.0;0.5;0.0;1.0;0.0;1.0;0.5;0.0;0.6666666666666666;1.0;1.0;0.5;0.0;0.0;1.0;1.0;1.0;0.7486833481089432;0.9465869350574314;0.42717294571343817;0.40536932660931474;0.5065262533372886
421;2021-04-21;0.5859710513758549;1.0;1.0;0.0;1.0;0.5;0.0;1.0;0.0;1.0;0.5;0.0;0.6666666666666666;1.0;1.0;0.5;0.0;0.0;1.0;1.0;1.0;0.7637136590064595;0.9480552486011175;0.43363192182410426;0.4005157437567861;0.512214983713355
422;2021-04-22;0.5763480197232385;1.0;1.0;0.0;1.0;0.5;0.0;1.0;0.0;1.0;0.5;0.0;0.6666666666666666;1.0;1.0;0.5;0.0;0.0;1.0;1.0;1.0;0.7774793153754357;0.9560866265820326;0.4332827376845591;0.4210017938457293;0.5135918311025252
423;2021-04-23;0.6593764911722603;1.0;1.0;0.0;1.0;0.5;0.0;1.0;0.0;1.0;0.5;0.0;0.6666666666666666;1.0;1.0;0.5;0.0;0.0;1.0;1.0;1.0;0.7910866440779306;0.9671465942847802;0.45265951031238694;0.4344469907128211;0.5074176818236642
424;2021-04-24;0.5678383966915859;1.0;1.0;0.0;1.0;0.5;0.0;1.0;0.0;1.0;0.5;0.0;0.6666666666666666;1.0;1.0;0.5;0.0;0.0;1.0;1.0;1.0;0.8046872528691154;0.9771669867878835;0.4373949579831933;0.4403361344537815;0.49411764705882355
425;2021-04-25;0.5683951010020678;1.0;1.0;0.0;1.0;0.5;0.0;1.0;0.0;1.0;0.5;0.0;0.6666666666666666;1.0;1.0;0.5;0.0;0.0;1.0;1.0;1.0;0.8182516396993348;0.982310702178871;0.4617321953267105;0.4407443682664055;0.49685182594095423
426;2021-04-26;0.5423890567838396;1.0;1.0;0.0;1.0;0.5;0.0;1.0;0.0;1.0;0.5;0.0;0.6666666666666666;1.0;1.0;0.5;0.0;0.0;1.0;1.0;1.0;0.8333188281589197;0.981546137559342;0.45777126099706744;0.431524926686217;0.5197947214076246
427;2021-04-27;0.5210752346111023;1.0;1.0;0.0;1.0;0.5;0.0;1.0;0.0;1.0;0.5;0.0;0.6666666666666666;1.0;1.0;0.5;0.0;0.0;1.0;1.0;1.0;0.8483494668569876;0.9747943876472555;0.4577228327228327;0.43040293040293043;0.5010683760683761
428;2021-04-28;0.5863686973119134;1.0;1.0;0.0;1.0;0.5;0.0;1.0;0.0;1.0;0.5;0.0;0.6666666666666666;1.0;1.0;0.5;0.0;0.0;1.0;0.75;1.0;0.8630759066430584;0.964072730451144;0.46290519462905194;0.42994710429947103;0.509019395090194
429;2021-04-29;0.5580563066645459;1.0;1.0;0.0;1.0;0.5;0.0;1.0;0.0;1.0;0.5;0.0;0.6666666666666666;1.0;1.0;0.5;0.0;0.0;1.0;0.75;1.0;0.8786369266338112;0.9510628784417283;0.44392190394755593;0.4557503206498504;0.5003562776115149
430;2021-04-30;0.5512963257515509;1.0;1.0;0.0;1.0;0.5;0.0;1.0;0.0;1.0;0.5;0.0;0.6666666666666666;1.0;1.0;0.5;0.0;0.0;1.0;0.75;1.0;0.8941332060155991;0.9368597545518405;0.4532602423542989;0.44547028274668204;0.5129832660126947
431;2021-05-01;0.47089231748051535;1.0;1.0;0.0;1.0;0.5;0.0;1.0;0.0;1.0;0.5;0.0;0.6666666666666666;1.0;1.0;0.5;0.0;0.0;1.0;0.75;1.0;0.9108990569342027;0.9222657569235138;0.4416483702077352;0.4293193717277487;0.5093734166525925
432;2021-05-02;0.45753141402894865;1.0;1.0;0.0;1.0;0.5;0.0;1.0;0.0;1.0;0.5;0.0;0.6666666666666666;1.0;1.0;0.5;0.0;0.0;1.0;0.75;1.0;0.9262071787993026;0.9074078655180731;0.4258647662089345;0.40431079436815576;0.5040848253085347
433;2021-05-03;0.4545888341021155;1.0;1.0;0.0;1.0;0.5;0.0;1.0;0.0;1.0;0.5;0.0;0.6666666666666666;1.0;1.0;0.5;0.0;0.0;1.0;0.75;1.0;0.9436936992308652;0.8932378953378078;0.4413925822253324;0.4146256123163051;0.5062981105668299
434;2021-05-04;0.4243677429616669;1.0;1.0;0.0;1.0;0.5;0.0;1.0;0.0;1.0;0.5;0.0;0.6666666666666666;1.0;1.0;0.5;0.0;0.0;1.0;0.75;1.0;0.960528716065882;0.8803686137205674;0.4325337331334333;0.43497001499250376;0.5133058470764618
435;2021-05-05;0.47208525528869094;1.0;1.0;0.0;1.0;0.5;0.0;1.0;0.0;1.0;0.5;0.0;0.6666666666666666;1.0;1.0;0.5;0.0;0.0;1.0;0.75;1.0;0.9802344462325965;0.869616316889926;0.44390161725067384;0.4331199460916442;0.5173517520215634
436;2021-05-06;0.4266740893908064;1.0;1.0;0.0;1.0;0.5;0.0;1.0;0.0;1.0;0.5;0.0;0.6666666666666666;1.0;1.0;0.5;0.0;0.0;1.0;0.75;1.0;1.0;0.8605120071801092;0.43690587138863;0.44846225535880707;0.5209692451071761
