;Date;No_cases;Workplace;Events;Daycare;Higher Education;Secondary Education;Primary Education;Restaurants/Cafes;Transport;Entertainment;Sports;Indoor;Masks;MassGather50;MassGatherAll;Shops;Outdoor;Religion;Gatherings;Stayhome;Telework;Prikken;Rolling_R
0;2020-02-25;0.010736440273580405;0.0;0.0;0.0;0.0;0.0;0.0;0.0;0.0;0.0;0.0;0.0;0.0;0.0;0.0;0.0;0.0;0.0;0.0;0.0;0.0;0.0;3.1354781198983
1;2020-02-26;0.01129314458406235;0.0;0.0;0.0;0.0;0.0;0.0;0.0;0.0;0.0;0.0;0.0;0.0;0.0;0.0;0.0;0.0;0.0;0.0;0.0;0.0;0.0;2.9148539342815845
2;2020-02-27;0.01033879433752187;0.0;0.0;0.0;0.0;0.0;0.0;0.0;0.0;0.0;0.0;0.0;0.0;0.0;0.0;0.0;0.0;0.0;0.0;0.0;0.0;0.0;2.665936623349802
3;2020-02-28;0.011134086209638938;0.0;0.0;0.0;0.0;0.0;0.0;0.0;0.0;0.0;0.0;0.0;0.0;0.0;0.0;0.0;0.0;0.0;0.0;0.0;0.0;0.0;2.4226094560292406
4;2020-02-29;0.013281374264355019;0.0;0.0;0.0;0.0;0.0;0.0;0.0;0.0;0.0;0.0;0.0;0.0;0.0;0.0;0.0;0.0;0.0;0.0;0.0;0.0;0.0;2.213713763000137
5;2020-03-01;0.01638301256561158;0.0;0.0;0.0;0.0;0.0;0.0;0.0;0.0;0.0;0.0;0.0;0.0;0.0;0.0;0.0;0.0;0.0;0.0;0.0;0.0;0.0;2.0560880008081
6;2020-03-02;0.019882296802926674;0.0;0.0;0.0;0.0;0.0;0.0;0.0;0.0;0.0;0.0;0.0;0.0;0.0;0.0;0.0;0.0;0.0;0.0;0.0;0.0;0.0;1.9627782876126583
7;2020-03-03;0.02027994273898521;0.0;0.0;0.0;0.0;0.0;0.0;0.0;0.0;0.0;0.0;0.0;0.0;0.0;0.0;0.0;0.0;0.0;0.0;0.0;0.0;0.0;1.923544670727594
8;2020-03-04;0.035549546683632895;0.0;0.0;0.0;0.0;0.0;0.0;0.0;0.0;0.0;0.0;0.0;0.0;0.0;0.0;0.0;0.0;0.0;0.0;0.0;0.0;0.0;1.918885216220711
9;2020-03-05;0.034515667249880706;0.0;0.0;0.0;0.0;0.0;0.0;0.0;0.0;0.0;0.0;0.0;0.0;0.0;0.0;0.0;0.0;0.0;0.0;0.0;0.0;0.0;1.9290426471000666
10;2020-03-06;0.04167329409893431;0.0;0.0;0.0;0.0;0.0;0.0;0.0;0.0;0.0;0.0;0.0;0.0;0.0;0.0;0.0;0.0;0.0;0.0;0.0;0.0;0.0;1.9310052929082162
11;2020-03-07;0.04557022427230794;0.0;0.0;0.0;0.0;0.0;0.0;0.0;0.0;0.0;0.0;0.0;0.0;0.0;0.0;0.0;0.0;0.0;0.0;0.0;0.0;0.0;1.911247987764808
12;2020-03-08;0.0534436138062669;0.0;0.0;0.0;0.0;0.0;0.0;0.0;0.0;0.0;0.0;0.0;0.0;0.0;0.0;0.0;0.0;0.0;0.0;0.0;0.0;0.0;1.866855134101976
13;2020-03-09;0.05567043104819469;0.0;0.0;0.0;0.0;0.0;0.0;0.0;0.0;0.0;0.0;0.0;0.0;0.0;0.0;0.0;0.0;0.0;0.0;0.0;0.0;0.0;1.7988497090474402
14;2020-03-10;0.062271353586766345;0.0;0.0;0.0;0.0;0.0;0.0;0.0;0.0;0.0;0.0;0.0;0.0;0.0;0.0;0.0;0.0;0.0;0.0;0.0;0.0;0.0;1.7130623308511266
15;2020-03-11;0.08620963893749006;0.0;0.0;0.0;0.0;0.0;0.0;0.0;0.0;0.0;0.0;0.0;0.0;0.0;0.0;0.0;0.0;0.0;0.0;0.0;0.0;0.0;1.618476406182622
16;2020-03-12;0.06664545888341021;0.0;0.0;0.0;1.0;0.0;0.0;0.5;1.0;1.0;0.0;0.5;0.0;0.0;1.0;0.0;0.6666666666666666;0.0;0.0;0.0;1.0;0.0;1.5196878190404668
17;2020-03-13;0.07022427230793701;0.0;0.0;0.0;1.0;0.0;0.0;0.5;1.0;1.0;0.0;0.5;0.0;0.0;1.0;0.0;0.6666666666666666;0.0;0.0;0.25;1.0;0.0;1.423600678035967
18;2020-03-14;0.0664864005089868;0.0;0.0;0.0;1.0;0.0;0.0;0.5;1.0;1.0;0.0;0.5;0.0;0.0;1.0;0.0;0.6666666666666666;0.0;0.0;0.25;1.0;0.0;1.335500568033565
19;2020-03-15;0.07968824558613011;0.0;0.0;0.0;1.0;0.0;0.0;1.0;1.0;1.0;0.0;0.5;0.0;0.0;1.0;0.0;0.6666666666666666;0.0;0.0;0.25;1.0;0.0;1.2577785002938517
20;2020-03-16;0.07276920629871163;0.0;0.0;1.0;1.0;1.0;1.0;1.0;1.0;1.0;1.0;0.5;0.0;0.0;1.0;0.0;0.6666666666666666;1.0;0.0;0.25;1.0;0.0;1.1955550153072714
21;2020-03-17;0.06585016701129315;0.0;0.0;1.0;1.0;1.0;1.0;1.0;1.0;1.0;1.0;0.5;0.0;0.0;1.0;0.0;0.6666666666666666;1.0;0.0;0.25;1.0;0.0;1.1472630512864235
22;2020-03-18;0.09861619214251631;0.0;0.0;1.0;1.0;1.0;1.0;1.0;1.0;1.0;1.0;0.5;0.0;0.0;1.0;0.0;0.6666666666666666;1.0;0.0;0.75;1.0;0.0;1.1116206090063028
23;2020-03-19;0.08008589152218865;0.0;0.0;1.0;1.0;1.0;1.0;1.0;1.0;1.0;1.0;0.5;0.0;0.0;1.0;0.0;0.6666666666666666;1.0;0.0;0.75;1.0;0.0;1.0839905934510272
24;2020-03-20;0.07984730396055352;0.0;0.0;1.0;1.0;1.0;1.0;1.0;1.0;1.0;1.0;0.5;0.0;0.0;1.0;0.0;0.6666666666666666;1.0;0.0;0.75;1.0;0.0;1.0612429464876127
25;2020-03-21;0.06823604262764435;0.0;0.0;1.0;1.0;1.0;1.0;1.0;1.0;1.0;1.0;0.5;0.0;0.0;1.0;0.0;0.6666666666666666;1.0;0.0;0.75;1.0;0.0;1.041415576697627
26;2020-03-22;0.0806425958326706;0.0;0.0;1.0;1.0;1.0;1.0;1.0;1.0;1.0;1.0;0.5;0.0;0.0;1.0;0.0;0.6666666666666666;1.0;0.0;0.75;1.0;0.0;1.0235846985402317
27;2020-03-23;0.07094003499284238;1.0;1.0;1.0;1.0;1.0;1.0;1.0;1.0;1.0;1.0;0.0;0.0;1.0;1.0;0.0;0.0;1.0;1.0;0.75;1.0;0.0;1.01122536070937
28;2020-03-24;0.06449817082869413;1.0;1.0;1.0;1.0;1.0;1.0;1.0;1.0;1.0;1.0;0.0;0.0;1.0;1.0;0.0;0.0;1.0;1.0;0.75;1.0;0.0;1.0049194236475556
29;2020-03-25;0.08899316048989979;1.0;1.0;1.0;1.0;1.0;1.0;1.0;1.0;1.0;1.0;0.0;0.0;1.0;1.0;0.0;0.0;1.0;1.0;0.75;1.0;0.0;1.0066571303707663
30;2020-03-26;0.07292826467313504;1.0;1.0;1.0;1.0;1.0;1.0;1.0;1.0;1.0;1.0;0.0;0.0;1.0;1.0;0.0;0.0;1.0;1.0;0.75;1.0;0.0;1.0145721109943977
31;2020-03-27;0.09002703992365198;1.0;1.0;1.0;1.0;1.0;1.0;1.0;1.0;1.0;1.0;0.0;0.0;1.0;1.0;0.0;0.0;1.0;1.0;0.75;1.0;0.0;1.0254911633135593
32;2020-03-28;0.08398282169556227;1.0;1.0;1.0;1.0;1.0;1.0;1.0;1.0;1.0;1.0;0.0;0.0;1.0;1.0;0.0;0.0;1.0;1.0;0.75;1.0;0.0;1.035467690231444
33;2020-03-29;0.08080165420709401;1.0;1.0;1.0;1.0;1.0;1.0;1.0;1.0;1.0;1.0;0.0;0.0;1.0;1.0;0.0;0.0;1.0;1.0;0.75;1.0;0.0;1.0397667849376926
34;2020-03-30;0.07865436615237792;1.0;1.0;1.0;1.0;1.0;1.0;1.0;1.0;1.0;1.0;0.0;0.0;1.0;1.0;0.0;0.0;1.0;1.0;0.75;1.0;0.0;1.0375994384550857
35;2020-03-31;0.07229203117544139;1.0;1.0;1.0;1.0;1.0;1.0;1.0;1.0;1.0;1.0;0.0;0.0;1.0;1.0;0.0;0.0;1.0;1.0;0.75;1.0;0.0;1.0278548486881758
36;2020-04-01;0.09845713376809288;1.0;1.0;1.0;1.0;1.0;1.0;1.0;1.0;1.0;1.0;0.0;0.0;1.0;1.0;0.0;0.0;1.0;1.0;0.75;1.0;0.0;1.0123083460057891
37;2020-04-02;0.0770637824081438;1.0;1.0;1.0;1.0;1.0;1.0;1.0;1.0;1.0;1.0;0.0;0.0;1.0;1.0;0.0;0.0;1.0;1.0;0.75;1.0;0.0;0.9921580022518675
38;2020-04-03;0.07929059965007158;1.0;1.0;1.0;1.0;1.0;1.0;1.0;1.0;1.0;1.0;0.0;0.0;1.0;1.0;0.0;0.0;1.0;1.0;0.75;1.0;0.0;0.9693647190059703
39;2020-04-04;0.06982662637187848;1.0;1.0;1.0;1.0;1.0;1.0;1.0;1.0;1.0;1.0;0.0;0.0;1.0;1.0;0.0;0.0;1.0;1.0;0.75;1.0;0.0;0.9451430545013444
40;2020-04-05;0.07507555272785112;1.0;1.0;1.0;1.0;1.0;1.0;1.0;1.0;1.0;1.0;0.0;0.0;1.0;1.0;0.0;0.0;1.0;1.0;0.75;1.0;0.0;0.9207210258113018
41;2020-04-06;0.05916971528550978;1.0;1.0;1.0;1.0;1.0;1.0;1.0;1.0;1.0;1.0;0.0;0.0;1.0;1.0;0.0;0.0;1.0;1.0;0.75;1.0;0.0;0.899097652407493
42;2020-04-07;0.058453952600604424;1.0;1.0;1.0;1.0;1.0;1.0;1.0;1.0;1.0;1.0;0.0;0.0;1.0;1.0;0.0;0.0;1.0;1.0;0.75;1.0;0.0;0.8805770315402995
43;2020-04-08;0.06600922538571656;1.0;1.0;1.0;1.0;1.0;1.0;1.0;1.0;1.0;1.0;0.0;0.0;1.0;1.0;0.0;0.0;1.0;1.0;0.75;1.0;0.0;0.8673581017444872
44;2020-04-09;0.0652934627008112;1.0;1.0;1.0;1.0;1.0;1.0;1.0;1.0;1.0;1.0;0.0;0.0;1.0;1.0;0.0;0.0;1.0;1.0;0.75;1.0;0.0;0.8579760341467245
45;2020-04-10;0.06076029902974392;1.0;1.0;1.0;1.0;1.0;1.0;1.0;1.0;1.0;1.0;0.0;0.0;1.0;1.0;0.0;0.0;1.0;1.0;0.75;1.0;0.0;0.8505953878508142
46;2020-04-11;0.05161444250039764;1.0;1.0;1.0;1.0;1.0;1.0;1.0;1.0;1.0;1.0;0.0;0.0;1.0;1.0;0.0;0.0;1.0;1.0;0.75;1.0;0.0;0.8434932124766903
47;2020-04-12;0.04978527119452839;1.0;1.0;1.0;1.0;1.0;1.0;1.0;1.0;1.0;1.0;0.0;0.0;1.0;1.0;0.0;0.0;1.0;1.0;0.75;1.0;0.0;0.8338761423027933
48;2020-04-13;0.04549069508509623;1.0;1.0;1.0;1.0;1.0;1.0;1.0;1.0;1.0;1.0;0.0;0.0;1.0;1.0;0.0;0.0;1.0;1.0;0.75;1.0;0.0;0.8224551171524365
49;2020-04-14;0.03888977254652457;1.0;1.0;1.0;1.0;1.0;1.0;1.0;1.0;1.0;1.0;0.0;0.0;1.0;1.0;0.0;0.0;1.0;1.0;0.75;1.0;0.0;0.8092539662987048
50;2020-04-15;0.05296643868299666;1.0;1.0;1.0;1.0;1.0;1.0;1.0;1.0;1.0;1.0;0.0;0.0;1.0;1.0;0.0;0.0;1.0;1.0;0.75;1.0;0.0;0.7956870178781495
51;2020-04-16;0.03849212661046604;1.0;1.0;1.0;1.0;1.0;1.0;1.0;1.0;1.0;1.0;0.0;0.0;1.0;1.0;0.0;0.0;1.0;1.0;0.75;1.0;0.0;0.7826798431700231
52;2020-04-17;0.03372037537776364;1.0;1.0;1.0;1.0;1.0;1.0;1.0;1.0;1.0;1.0;0.0;0.0;1.0;1.0;0.0;0.0;1.0;1.0;0.75;1.0;0.0;0.7708491056864109
53;2020-04-18;0.030141561953236837;1.0;1.0;1.0;1.0;1.0;1.0;1.0;1.0;1.0;1.0;0.0;0.0;1.0;1.0;0.0;0.0;1.0;1.0;0.75;1.0;0.0;0.761235074724973
54;2020-04-19;0.03173214569747097;1.0;1.0;1.0;1.0;1.0;1.0;1.0;1.0;1.0;1.0;0.0;0.0;1.0;1.0;0.0;0.0;1.0;1.0;0.75;1.0;0.0;0.7547168031376644
55;2020-04-20;0.025926515031016385;1.0;1.0;1.0;1.0;1.0;1.0;1.0;1.0;1.0;1.0;0.0;0.0;1.0;1.0;0.0;0.0;1.0;1.0;0.75;1.0;0.0;0.7531253583426382
56;2020-04-21;0.021950055670431047;1.0;1.0;1.0;1.0;1.0;1.0;1.0;1.0;1.0;1.0;0.0;0.0;1.0;1.0;0.0;0.0;1.0;1.0;0.75;1.0;0.0;0.7574169730018426
57;2020-04-22;0.029425799268331478;1.0;1.0;1.0;1.0;1.0;1.0;1.0;1.0;1.0;1.0;0.0;0.0;1.0;1.0;0.0;0.0;1.0;1.0;0.75;1.0;0.0;0.7678695993526763
58;2020-04-23;0.027517098775250517;1.0;1.0;1.0;1.0;1.0;1.0;1.0;1.0;1.0;1.0;0.0;0.0;1.0;1.0;0.0;0.0;1.0;1.0;0.75;1.0;0.0;0.7816473829493772
59;2020-04-24;0.023461110227453476;1.0;1.0;1.0;1.0;1.0;1.0;1.0;1.0;1.0;1.0;0.0;0.0;1.0;1.0;0.0;0.0;1.0;1.0;0.75;1.0;0.0;0.796657848010135
60;2020-04-25;0.019802767615714967;1.0;1.0;1.0;1.0;1.0;1.0;1.0;1.0;1.0;1.0;0.0;0.0;1.0;1.0;0.0;0.0;1.0;1.0;0.75;1.0;0.0;0.8097165288951274
61;2020-04-26;0.02338158104024177;1.0;1.0;1.0;1.0;1.0;1.0;1.0;1.0;1.0;1.0;0.0;0.0;1.0;1.0;0.0;0.0;1.0;1.0;0.75;1.0;0.0;0.8181398239897402
62;2020-04-27;0.01853030062032766;1.0;1.0;1.0;1.0;1.0;1.0;1.0;1.0;1.0;1.0;0.0;0.0;1.0;1.0;0.0;0.0;1.0;1.0;0.75;1.0;0.0;0.8233117631711624
63;2020-04-28;0.019087004930809608;1.0;1.0;1.0;1.0;1.0;1.0;1.0;1.0;1.0;1.0;0.0;0.0;1.0;1.0;0.0;0.0;1.0;1.0;0.75;1.0;0.0;0.8250111611014664
64;2020-04-29;0.02147288054716081;1.0;1.0;1.0;1.0;1.0;1.0;1.0;1.0;1.0;0.5;0.0;0.0;1.0;1.0;0.0;0.0;1.0;1.0;0.75;1.0;0.0;0.8256129071228673
65;2020-04-30;0.015269603944647686;1.0;1.0;1.0;1.0;1.0;1.0;1.0;1.0;1.0;0.5;0.0;0.0;1.0;1.0;0.0;0.0;1.0;1.0;0.75;1.0;0.0;0.8267500837176783
66;2020-05-01;0.017496421186575472;1.0;1.0;1.0;1.0;1.0;1.0;1.0;1.0;1.0;0.5;0.0;0.0;1.0;1.0;0.0;0.0;1.0;1.0;0.75;1.0;0.0;0.82911621242865
67;2020-05-02;0.015587720693494513;1.0;1.0;1.0;1.0;1.0;1.0;1.0;1.0;1.0;0.5;0.0;0.0;1.0;1.0;0.0;0.0;1.0;1.0;0.75;1.0;0.0;0.8338090634584135
68;2020-05-03;0.014633370446954033;1.0;1.0;1.0;1.0;1.0;1.0;1.0;1.0;1.0;0.5;0.0;0.0;1.0;1.0;0.0;0.0;1.0;1.0;0.75;1.0;0.0;0.8402307601946385
69;2020-05-04;0.01495148719580086;1.0;1.0;1.0;1.0;1.0;1.0;1.0;1.0;1.0;0.5;0.0;0.0;1.0;1.0;0.0;0.0;1.0;1.0;0.75;1.0;0.0;0.848830137426698
70;2020-05-05;0.013997136949260379;1.0;1.0;1.0;1.0;1.0;1.0;1.0;1.0;1.0;0.5;0.0;0.0;1.0;1.0;0.0;0.0;1.0;1.0;0.75;1.0;0.0;0.8587078082507956
71;2020-05-06;0.01853030062032766;1.0;1.0;1.0;1.0;1.0;1.0;1.0;1.0;1.0;0.5;0.0;0.0;1.0;1.0;0.0;0.0;1.0;1.0;0.75;1.0;0.0;0.8690690127075431
72;2020-05-07;0.013281374264355019;1.0;1.0;1.0;1.0;1.0;1.0;1.0;1.0;1.0;0.5;0.0;0.0;1.0;1.0;0.0;0.0;1.0;1.0;0.75;1.0;0.0;0.8788001886350976
73;2020-05-08;0.012883728328296484;1.0;1.0;1.0;1.0;1.0;1.0;1.0;1.0;1.0;0.5;0.0;0.0;1.0;1.0;0.0;0.0;1.0;1.0;0.75;1.0;0.0;0.8892764543965893
74;2020-05-09;0.010179735963098457;1.0;1.0;1.0;1.0;1.0;1.0;1.0;1.0;1.0;0.5;0.0;0.0;1.0;1.0;0.0;0.0;1.0;1.0;0.75;1.0;0.0;0.9020497720291583
75;2020-05-10;0.013281374264355019;1.0;1.0;1.0;1.0;1.0;1.0;1.0;1.0;1.0;0.5;0.0;0.0;1.0;1.0;0.0;0.0;1.0;1.0;0.75;1.0;0.0;0.9195055129942321
76;2020-05-11;0.01153173214569747;1.0;1.0;0.0;1.0;1.0;0.5;1.0;1.0;1.0;0.5;0.0;0.0;1.0;1.0;0.0;0.0;1.0;1.0;0.5;1.0;0.0;0.9449748289244077
77;2020-05-12;0.01566724988070622;1.0;1.0;0.0;1.0;1.0;0.5;1.0;1.0;1.0;0.5;0.0;0.0;1.0;1.0;0.0;0.0;1.0;1.0;0.5;1.0;0.0;0.9759902803858596
78;2020-05-13;0.016462541752823287;1.0;1.0;0.0;1.0;1.0;0.5;1.0;1.0;1.0;0.5;0.0;0.0;1.0;1.0;0.0;0.0;1.0;1.0;0.5;1.0;0.0;1.0087045040056803
79;2020-05-14;0.012963257515508192;1.0;1.0;0.0;1.0;1.0;0.5;1.0;1.0;1.0;0.5;0.0;0.0;1.0;1.0;0.0;0.0;1.0;1.0;0.5;1.0;0.0;1.0362100814561948
80;2020-05-15;0.015110545570224272;1.0;1.0;0.0;1.0;1.0;0.5;1.0;1.0;1.0;0.5;0.0;0.0;1.0;1.0;0.0;0.0;1.0;1.0;0.5;1.0;0.0;1.051522320146169
81;2020-05-16;0.019325592492444726;1.0;1.0;0.0;1.0;1.0;0.5;1.0;1.0;1.0;0.5;0.0;0.0;1.0;1.0;0.0;0.0;1.0;1.0;0.5;1.0;0.0;1.0515527707924415
82;2020-05-17;0.013122315889931605;1.0;1.0;0.0;1.0;1.0;0.5;1.0;1.0;1.0;0.5;0.0;0.0;1.0;1.0;0.0;0.0;1.0;1.0;0.5;1.0;0.0;1.036020211366273
83;2020-05-18;0.011611261332909177;1.0;1.0;0.0;1.0;1.0;0.5;1.0;1.0;1.0;0.5;0.0;0.0;1.0;1.0;0.0;0.0;1.0;1.0;0.5;1.0;0.0;1.0099937751936612
84;2020-05-19;0.009702560839828216;1.0;1.0;0.0;1.0;1.0;0.5;1.0;1.0;1.0;0.5;0.0;0.0;1.0;1.0;0.0;0.0;1.0;1.0;0.5;1.0;0.0;0.9800359697880519
85;2020-05-20;0.015508191506282807;1.0;1.0;0.0;1.0;1.0;0.5;1.0;1.0;1.0;0.5;0.0;0.0;1.0;1.0;0.0;0.0;1.0;1.0;0.5;1.0;0.0;0.9531692206976339
86;2020-05-21;0.014076666136472085;1.0;1.0;0.0;1.0;1.0;0.5;1.0;1.0;1.0;0.5;0.0;0.0;1.0;1.0;0.0;0.0;1.0;1.0;0.5;1.0;0.0;0.9343436297157621
87;2020-05-22;0.012486082392237951;1.0;1.0;0.0;1.0;1.0;0.5;1.0;1.0;1.0;0.5;0.0;0.0;1.0;1.0;0.0;0.0;1.0;1.0;0.5;1.0;0.0;0.9251313214956298
88;2020-05-23;0.01153173214569747;1.0;1.0;0.0;1.0;1.0;0.5;1.0;1.0;1.0;0.5;0.0;0.0;1.0;1.0;0.0;0.0;1.0;1.0;0.5;1.0;0.0;0.9241440321494565
89;2020-05-24;0.011372673771274058;1.0;1.0;0.0;1.0;1.0;0.5;1.0;1.0;1.0;0.5;0.0;0.0;1.0;1.0;0.0;0.0;1.0;1.0;0.5;1.0;0.0;0.9287415915710558
90;2020-05-25;0.012167965643391124;1.0;1.0;0.0;1.0;1.0;0.5;1.0;1.0;1.0;0.5;0.0;0.0;1.0;1.0;0.0;0.0;1.0;1.0;0.5;1.0;0.0;0.9372345831795217
91;2020-05-26;0.010736440273580405;1.0;1.0;0.0;1.0;1.0;0.5;1.0;1.0;1.0;0.5;0.0;0.0;1.0;1.0;0.0;0.0;1.0;1.0;0.5;1.0;0.0;0.9467937460833994
92;2020-05-27;0.013122315889931605;1.0;1.0;0.0;1.0;1.0;0.5;1.0;1.0;1.0;0.5;0.0;0.0;1.0;1.0;0.0;0.0;1.0;1.0;0.5;1.0;0.0;0.9575207788519715
93;2020-05-28;0.012406553205026245;1.0;1.0;0.0;1.0;1.0;0.5;1.0;1.0;1.0;0.5;0.0;0.0;1.0;1.0;0.0;0.0;1.0;1.0;0.5;1.0;0.0;0.9675615578851262
94;2020-05-29;0.012406553205026245;1.0;1.0;0.0;1.0;1.0;0.5;1.0;1.0;1.0;0.5;0.0;0.0;1.0;1.0;0.0;0.0;1.0;1.0;0.5;1.0;0.0;0.9748974734433763
95;2020-05-30;0.011611261332909177;1.0;1.0;0.0;1.0;1.0;0.5;1.0;1.0;1.0;0.5;0.0;0.0;1.0;1.0;0.0;0.0;1.0;1.0;0.5;1.0;0.0;0.9788023317772347
96;2020-05-31;0.01224749483060283;1.0;1.0;0.0;1.0;1.0;0.5;1.0;1.0;1.0;0.5;0.0;0.0;1.0;1.0;0.0;0.0;1.0;1.0;0.5;1.0;0.0;0.9774660693606523
97;2020-06-01;0.011054557022427232;1.0;0.0;0.0;1.0;1.0;0.5;0.5;0.0;0.5;0.5;0.5;0.3333333333333333;0.0;1.0;0.0;0.0;0.5;1.0;0.5;0.5;0.0;0.9728691925844285
98;2020-06-02;0.009225385716557977;1.0;0.0;0.0;1.0;0.5;0.5;0.5;0.0;0.5;0.5;0.5;0.3333333333333333;0.0;1.0;0.0;0.0;0.5;1.0;0.25;0.5;0.0;0.9659514316704813
99;2020-06-03;0.012883728328296484;1.0;0.0;0.0;1.0;0.5;0.5;0.5;0.0;0.5;0.5;0.5;0.3333333333333333;0.0;1.0;0.0;0.0;0.5;1.0;0.25;0.5;0.0;0.958291623087366
100;2020-06-04;0.010815969460792111;1.0;0.0;0.0;1.0;0.5;0.5;0.5;0.0;0.5;0.5;0.5;0.3333333333333333;0.0;1.0;0.0;0.0;0.5;1.0;0.25;0.5;0.0;0.94988040085758
101;2020-06-05;0.012804199141084778;1.0;0.0;0.0;1.0;0.5;0.5;0.5;0.0;0.5;0.5;0.5;0.3333333333333333;0.0;1.0;0.0;0.0;0.5;1.0;0.25;0.5;0.0;0.9390987382885615
102;2020-06-06;0.00986161921425163;1.0;0.0;0.0;1.0;0.5;0.5;0.5;0.0;0.5;0.5;0.5;0.3333333333333333;0.0;1.0;0.0;0.0;0.5;1.0;0.25;0.5;0.0;0.9244509042240916
103;2020-06-07;0.009463973278193098;1.0;0.0;0.0;1.0;0.5;0.5;0.5;0.0;0.5;0.5;0.5;0.3333333333333333;0.0;1.0;0.0;0.0;0.5;1.0;0.25;0.5;0.0;0.9034848055628704
104;2020-06-08;0.009066327342134563;1.0;0.0;0.5;1.0;0.5;0.5;0.5;0.0;0.5;0.5;0.5;0.3333333333333333;0.0;1.0;0.0;0.0;0.5;1.0;0.25;0.5;0.0;0.877044451421635
105;2020-06-09;0.008748210593287736;1.0;0.0;0.5;1.0;0.5;0.0;0.5;0.0;0.5;0.5;0.5;0.3333333333333333;0.0;1.0;0.0;0.0;0.5;1.0;0.25;0.5;0.0;0.8458618144165246
106;2020-06-10;0.00914585652934627;1.0;0.0;0.5;1.0;0.5;0.0;0.5;0.0;0.5;0.5;0.5;0.3333333333333333;0.0;1.0;0.0;0.0;0.5;1.0;0.25;0.5;0.0;0.8137773405055825
107;2020-06-11;0.005885159853666296;1.0;0.0;0.5;1.0;0.5;0.0;0.5;0.0;0.5;0.5;0.5;0.3333333333333333;0.0;1.0;0.0;0.0;0.5;1.0;0.25;0.5;0.0;0.7850170518955717
108;2020-06-12;0.006441864164148242;1.0;0.0;0.5;1.0;0.5;0.0;0.5;0.0;0.5;0.5;0.5;0.3333333333333333;0.0;1.0;0.0;0.0;0.5;1.0;0.25;0.5;0.0;0.7640918822093431
109;2020-06-13;0.005328455543184348;1.0;0.0;0.5;1.0;0.5;0.0;0.5;0.0;0.5;0.5;0.5;0.3333333333333333;0.0;1.0;0.0;0.0;0.5;1.0;0.25;0.5;0.0;0.7563225733933968
110;2020-06-14;0.004851280419914108;1.0;0.0;0.5;1.0;0.5;0.0;0.5;0.0;0.5;0.5;0.5;0.3333333333333333;0.0;1.0;0.0;0.0;0.5;1.0;0.25;0.5;0.0;0.7631985162165857
111;2020-06-15;0.0054079847303960555;1.0;0.0;0.5;0.5;0.5;0.0;0.5;0.0;0.5;0.5;0.5;0.3333333333333333;0.0;1.0;0.0;0.0;0.5;1.0;0.25;0.5;0.0;0.7877240485561801
112;2020-06-16;0.004374105296643868;1.0;0.0;0.5;0.5;0.5;0.0;0.5;0.0;0.5;0.5;0.5;0.3333333333333333;0.0;1.0;0.0;0.0;0.5;1.0;0.25;0.5;0.0;0.8262997731720001
113;2020-06-17;0.007316685223477016;1.0;0.0;0.5;0.5;0.5;0.0;0.5;0.0;0.5;0.5;0.5;0.3333333333333333;0.0;1.0;0.0;0.0;0.5;1.0;0.25;0.5;0.0;0.8738298643020858
114;2020-06-18;0.005885159853666296;1.0;0.0;0.5;0.5;0.5;0.0;0.5;0.0;0.5;0.5;0.5;0.3333333333333333;0.0;1.0;0.0;0.0;0.5;1.0;0.25;0.5;0.0;0.9218315008556393
115;2020-06-19;0.0069985684746301895;1.0;0.0;0.5;0.5;0.5;0.0;0.5;0.0;0.5;0.5;0.5;0.3333333333333333;0.0;1.0;0.0;0.0;0.5;1.0;0.25;0.5;0.0;0.9606712151419701
116;2020-06-20;0.0058056306664545886;1.0;0.0;0.5;0.5;0.5;0.0;0.5;0.0;0.5;0.5;0.5;0.3333333333333333;0.0;1.0;0.0;0.0;0.5;1.0;0.25;0.5;0.0;0.9848317826974277
117;2020-06-21;0.004533163671067281;1.0;0.0;0.5;0.5;0.5;0.0;0.5;0.0;0.5;0.5;0.5;0.3333333333333333;0.0;1.0;0.0;0.0;0.5;1.0;0.25;0.5;0.0;0.9913508616589048
118;2020-06-22;0.005726101479242882;1.0;0.0;0.5;0.5;0.5;0.0;0.5;0.0;0.5;0.5;0.5;0.3333333333333333;0.0;1.0;0.0;0.0;0.5;1.0;0.25;0.5;0.0;0.9838521097566937
119;2020-06-23;0.0046126928582789885;1.0;0.0;0.5;0.5;0.5;0.0;0.5;0.0;0.5;0.5;0.5;0.3333333333333333;0.0;1.0;0.0;0.0;0.5;1.0;0.25;0.5;0.0;0.9675456985859693
120;2020-06-24;0.0062032766025131225;1.0;0.0;0.5;0.5;0.5;0.0;0.5;0.0;0.5;0.5;0.5;0.3333333333333333;0.0;1.0;0.0;0.0;0.5;1.0;0.25;0.5;0.0;0.9501474423397829
121;2020-06-25;0.005169397168760935;1.0;0.0;0.5;0.5;0.5;0.0;0.5;0.0;0.5;0.5;0.5;0.3333333333333333;0.0;1.0;0.0;0.0;0.5;1.0;0.25;0.5;0.0;0.9369752509939099
122;2020-06-26;0.0054079847303960555;1.0;0.0;0.5;0.5;0.5;0.0;0.5;0.0;0.5;0.5;0.5;0.3333333333333333;0.0;1.0;0.0;0.0;0.5;1.0;0.25;0.5;0.0;0.9325757461696877
123;2020-06-27;0.0046126928582789885;1.0;0.0;0.5;0.5;0.5;0.0;0.5;0.0;0.5;0.5;0.5;0.3333333333333333;0.0;1.0;0.0;0.0;0.5;1.0;0.0;0.5;0.0;0.9420426084031587
124;2020-06-28;0.0038174009861619215;1.0;0.0;0.5;0.5;0.5;0.0;0.5;0.0;0.5;0.5;0.5;0.3333333333333333;0.0;1.0;0.0;0.0;0.5;1.0;0.0;0.5;0.0;0.96617045196601
125;2020-06-29;0.004215046922220455;1.0;0.0;0.5;0.5;0.5;0.0;0.5;0.0;0.5;0.5;0.5;0.3333333333333333;0.0;1.0;0.0;0.0;0.5;1.0;0.0;0.5;0.0;1.0108373299858107
126;2020-06-30;0.004374105296643868;1.0;0.0;0.5;0.5;0.5;0.0;0.5;0.0;0.5;0.5;0.5;0.3333333333333333;0.0;1.0;0.0;0.0;0.5;1.0;0.0;0.5;0.0;1.074660308715302
127;2020-07-01;0.007555272785112136;1.0;0.0;0.5;0.5;0.0;0.0;0.5;0.0;0.5;0.0;0.5;0.3333333333333333;0.0;0.5;0.0;0.3333333333333333;0.0;0.0;0.0;0.5;0.0;1.1556986582138447
128;2020-07-02;0.0069985684746301895;1.0;0.0;0.0;0.5;0.0;0.0;0.5;0.0;0.5;0.0;0.5;0.3333333333333333;0.0;0.5;0.0;0.3333333333333333;0.0;0.0;0.0;0.5;0.0;1.244627088217798
129;2020-07-03;0.008986798154922856;1.0;0.0;0.0;0.5;0.0;0.0;0.5;0.0;0.5;0.0;0.5;0.3333333333333333;0.0;0.5;0.0;0.3333333333333333;0.0;0.0;0.0;0.5;0.0;1.3285664861799424
130;2020-07-04;0.008509623031652617;1.0;0.0;0.0;0.5;0.0;0.0;0.5;0.0;0.5;0.0;0.5;0.3333333333333333;0.0;0.5;0.0;0.3333333333333333;0.0;0.0;0.0;0.5;0.0;1.3967237523856026
131;2020-07-05;0.008589152218864323;1.0;0.0;0.0;0.5;0.0;0.0;0.5;0.0;0.5;0.0;0.5;0.3333333333333333;0.0;0.5;0.0;0.3333333333333333;0.0;0.0;0.0;0.5;0.0;1.4400705917769532
132;2020-07-06;0.009225385716557977;1.0;0.0;0.0;0.5;0.0;0.0;0.5;0.0;0.5;0.0;0.5;0.3333333333333333;0.0;0.5;0.0;0.3333333333333333;0.0;0.0;0.0;0.5;0.0;1.4597932397173492
133;2020-07-07;0.00914585652934627;1.0;0.0;0.0;0.5;0.0;0.0;0.5;0.0;0.5;0.0;0.5;0.3333333333333333;0.0;0.5;0.0;0.3333333333333333;0.0;0.0;0.0;0.5;0.0;1.4596898696459255
134;2020-07-08;0.014712899634165739;1.0;0.0;0.0;0.5;0.0;0.0;0.5;0.0;0.5;0.0;0.5;0.3333333333333333;0.0;0.5;0.0;0.3333333333333333;0.0;0.0;0.0;0.5;0.0;1.4471922683933327
135;2020-07-09;0.014076666136472085;1.0;0.0;0.0;0.5;0.0;0.0;0.5;0.0;0.5;0.0;0.5;0.3333333333333333;0.0;0.5;0.0;0.3333333333333333;0.0;0.0;0.0;0.5;0.0;1.425925329650623
136;2020-07-10;0.016701129314458406;1.0;0.0;0.0;0.5;0.0;0.0;0.5;0.0;0.5;0.0;0.5;0.3333333333333333;0.0;0.5;0.0;0.3333333333333333;0.0;0.0;0.0;0.5;0.0;1.3980786992610934
137;2020-07-11;0.011770319707332591;1.0;0.0;0.0;0.5;0.0;0.0;0.5;0.0;0.5;0.0;0.5;0.3333333333333333;0.0;0.5;0.0;0.3333333333333333;0.0;0.0;0.0;0.5;0.0;1.3645897820390025
138;2020-07-12;0.014553841259742326;1.0;0.0;0.0;0.5;0.0;0.0;0.5;0.0;0.5;0.0;0.5;0.3333333333333333;0.0;0.5;0.0;0.3333333333333333;0.0;0.0;0.0;0.5;0.0;1.3264245449731598
139;2020-07-13;0.013519961825990138;1.0;0.0;0.0;0.5;0.0;0.0;0.5;0.0;0.5;0.0;0.5;0.3333333333333333;0.0;0.5;0.0;0.3333333333333333;0.0;0.0;0.0;0.5;0.0;1.2917032627240133
140;2020-07-14;0.015110545570224272;1.0;0.0;0.0;0.5;0.0;0.0;0.5;0.0;0.5;0.0;0.5;0.3333333333333333;0.0;0.5;0.0;0.3333333333333333;0.0;0.0;0.0;0.5;0.0;1.263613601577094
141;2020-07-15;0.019405121679656433;1.0;0.0;0.0;0.5;0.0;0.0;0.5;0.0;0.5;0.0;0.5;0.3333333333333333;0.0;0.5;0.0;0.3333333333333333;0.0;0.0;0.0;0.5;0.0;1.248800315345374
142;2020-07-16;0.018212183871480832;1.0;0.0;0.0;0.5;0.0;0.0;0.5;0.0;0.5;0.0;0.5;0.3333333333333333;0.0;0.5;0.0;0.3333333333333333;0.0;0.0;0.0;0.5;0.0;1.2475698573869398
143;2020-07-17;0.022824876729759823;1.0;0.0;0.0;0.5;0.0;0.0;0.5;0.0;0.5;0.0;0.5;0.3333333333333333;0.0;0.5;0.0;0.3333333333333333;0.0;0.0;0.0;0.5;0.0;1.2576023791753197
144;2020-07-18;0.017655479560998888;1.0;0.0;0.0;0.5;0.0;0.0;0.5;0.0;0.5;0.0;0.5;0.3333333333333333;0.0;0.5;0.0;0.3333333333333333;0.0;0.0;0.0;0.5;0.0;1.276543230322512
145;2020-07-19;0.019325592492444726;1.0;0.0;0.0;0.5;0.0;0.0;0.5;0.0;0.5;0.0;0.5;0.3333333333333333;0.0;0.5;0.0;0.3333333333333333;0.0;0.0;0.0;0.5;0.0;1.2993485568834493
146;2020-07-20;0.02600604421822809;1.0;0.0;0.0;0.5;0.0;0.0;0.5;0.0;0.5;0.0;0.5;0.3333333333333333;0.0;0.5;0.0;0.3333333333333333;0.0;0.0;0.0;0.5;0.0;1.325257812713003
147;2020-07-21;0.025369810720534437;1.0;0.0;0.0;0.5;0.0;0.0;0.5;0.0;0.5;0.0;0.5;0.3333333333333333;0.0;0.5;0.0;0.3333333333333333;0.0;0.0;0.0;0.5;0.0;1.3504211621385949
148;2020-07-22;0.03785589311277239;1.0;0.0;0.0;0.5;0.0;0.0;0.5;0.0;0.5;0.0;0.5;0.3333333333333333;0.0;0.5;0.0;0.3333333333333333;0.0;0.0;0.0;0.5;0.0;1.372041287579036
149;2020-07-23;0.032925083505646574;1.0;0.0;0.0;0.5;0.0;0.0;0.5;0.0;0.5;0.0;0.5;0.3333333333333333;0.0;0.5;0.0;0.3333333333333333;0.0;0.0;0.0;0.5;0.0;1.3850136208688657
150;2020-07-24;0.037378717989502146;1.0;0.0;0.0;0.5;0.0;0.0;0.5;0.0;0.5;0.0;0.5;0.3333333333333333;0.0;0.5;0.0;0.3333333333333333;0.0;0.0;0.0;0.5;0.0;1.386371840696975
151;2020-07-25;0.03284555431843487;1.0;0.0;0.0;0.5;0.0;0.0;0.5;0.0;0.5;0.0;0.5;0.3333333333333333;0.0;0.5;0.0;0.3333333333333333;0.0;0.0;0.0;0.5;0.0;1.3753255452791615
152;2020-07-26;0.03570860505805631;1.0;0.0;0.0;0.5;0.0;0.0;0.5;0.0;0.5;0.0;0.5;0.3333333333333333;0.0;0.5;0.0;0.3333333333333333;0.0;0.0;0.0;0.5;0.0;1.3539568613251587
153;2020-07-27;0.04087800222681724;1.0;0.0;0.0;0.5;0.0;0.0;0.5;0.0;0.5;0.0;0.5;0.3333333333333333;0.0;0.5;0.0;0.3333333333333333;0.0;0.0;0.0;0.5;0.0;1.3281428742245922
154;2020-07-28;0.04358199459201527;1.0;0.0;0.0;0.5;0.0;0.0;0.5;0.0;0.5;0.0;0.5;0.3333333333333333;0.0;0.5;0.0;0.3333333333333333;0.0;0.0;0.0;0.5;0.0;1.3000302088274993
155;2020-07-29;0.05590901860982981;1.0;0.0;0.0;0.5;0.0;0.0;0.5;0.0;0.5;0.0;0.5;0.3333333333333333;0.0;0.5;0.0;0.3333333333333333;0.0;0.0;0.0;0.5;0.0;1.2719446971925512
156;2020-07-30;0.047319866390965484;1.0;0.0;0.0;0.5;0.0;0.0;0.5;0.0;0.5;0.0;0.5;0.3333333333333333;0.0;0.5;0.0;0.3333333333333333;0.0;0.0;0.0;0.5;0.0;1.2406029760970816
157;2020-07-31;0.05153491331318594;1.0;0.0;0.0;0.5;0.0;0.0;0.5;0.0;0.5;0.0;0.5;0.3333333333333333;0.0;0.5;0.0;0.3333333333333333;0.0;0.0;0.0;0.5;0.0;1.2041327890497968
158;2020-08-01;0.047319866390965484;1.0;0.0;0.0;0.5;0.0;0.0;0.5;0.0;0.5;0.0;0.5;0.3333333333333333;0.0;0.5;0.0;0.3333333333333333;0.0;0.0;0.0;0.5;0.0;1.1621734967397483
159;2020-08-02;0.04501351996182599;1.0;0.0;0.0;0.5;0.0;0.0;0.5;0.0;0.5;0.0;0.5;0.3333333333333333;0.0;0.5;0.0;0.3333333333333333;0.0;0.0;0.0;0.5;0.0;1.1153933555710625
160;2020-08-03;0.041275648162875773;1.0;0.0;0.0;0.5;0.0;0.0;0.5;0.0;0.5;0.0;0.5;0.3333333333333333;0.0;0.5;0.0;0.3333333333333333;0.0;0.0;0.0;0.5;0.0;1.070023983980783
161;2020-08-04;0.042229998409416256;1.0;0.0;0.0;0.5;0.0;0.0;0.5;0.0;0.5;0.0;0.5;0.3333333333333333;0.0;0.5;0.0;0.3333333333333333;0.0;0.0;0.0;0.5;0.0;1.0292206315715855
162;2020-08-05;0.04938762525846986;1.0;0.0;0.0;0.5;0.0;0.0;0.5;0.0;0.5;0.0;0.5;0.3333333333333333;0.0;0.5;0.0;0.3333333333333333;0.0;0.0;0.0;0.5;0.0;0.9972966225707507
163;2020-08-06;0.043025290281533325;1.0;0.0;0.0;0.5;0.0;0.0;0.5;0.0;0.5;0.0;0.5;0.3333333333333333;0.0;0.5;0.0;0.3333333333333333;0.0;0.0;0.0;0.5;0.0;0.9748650186541605
164;2020-08-07;0.0474789247653889;1.0;0.0;0.0;0.5;0.0;0.0;0.5;0.0;0.5;0.0;0.5;0.3333333333333333;0.0;0.5;0.0;0.3333333333333333;0.0;0.0;0.0;0.5;0.0;0.9603637897992054
165;2020-08-08;0.04191188166056943;1.0;0.0;0.0;0.5;0.0;0.0;0.5;0.0;0.5;0.0;0.5;0.3333333333333333;0.0;0.5;0.0;0.3333333333333333;0.0;0.0;0.0;0.5;0.0;0.9514355648184601
166;2020-08-09;0.04016223954191188;1.0;0.0;0.0;0.5;0.0;0.0;0.5;0.0;0.5;0.0;0.5;0.3333333333333333;0.0;0.5;0.0;0.3333333333333333;0.0;0.0;0.0;0.5;0.0;0.9449079954635633
167;2020-08-10;0.03888977254652457;1.0;0.0;0.0;0.5;0.0;0.0;0.5;0.0;0.5;0.0;0.5;0.3333333333333333;0.0;0.5;0.0;0.3333333333333333;0.0;0.0;0.0;0.5;0.0;0.9405763015747368
168;2020-08-11;0.0368220136790202;1.0;0.0;0.0;0.5;0.0;0.0;0.5;0.0;0.5;0.0;0.5;0.3333333333333333;0.0;0.5;0.0;0.3333333333333333;0.0;0.0;0.0;0.5;0.0;0.9376967012502802
169;2020-08-12;0.042229998409416256;1.0;0.0;0.0;0.5;0.0;0.0;0.5;0.0;0.5;0.0;0.5;0.3333333333333333;0.0;0.5;0.0;0.3333333333333333;0.0;0.0;0.0;0.5;0.0;0.9380997392047848
170;2020-08-13;0.03992365198027676;1.0;0.0;0.0;0.5;0.0;0.0;0.5;0.0;0.5;0.0;0.5;0.3333333333333333;0.0;0.5;0.0;0.3333333333333333;0.0;0.0;0.0;0.5;0.0;0.9427679074089553
171;2020-08-14;0.04016223954191188;1.0;0.0;0.0;0.5;0.0;0.0;0.5;0.0;0.5;0.0;0.5;0.3333333333333333;0.0;0.5;0.0;0.3333333333333333;0.0;0.0;0.0;0.5;0.0;0.9519357404469286
172;2020-08-15;0.036185780181326545;1.0;0.0;0.0;0.5;0.0;0.0;0.5;0.0;0.5;0.0;0.5;0.3333333333333333;0.0;0.5;0.0;0.3333333333333333;0.0;0.0;0.0;0.5;0.0;0.9658583950270874
173;2020-08-16;0.03753777636392556;1.0;0.0;0.0;0.5;0.0;0.0;0.5;0.0;0.5;0.0;0.5;0.3333333333333333;0.0;0.5;0.0;0.3333333333333333;0.0;0.0;0.0;0.5;0.0;0.9836254631769901
174;2020-08-17;0.04095753141402895;1.0;0.0;0.0;0.5;0.0;0.0;0.5;0.0;0.5;0.0;0.5;0.3333333333333333;0.0;0.5;0.0;0.3333333333333333;0.0;0.0;0.0;0.5;0.0;1.005143718339972
175;2020-08-18;0.03769683473834897;1.0;0.0;0.0;0.5;0.0;0.0;0.5;0.0;0.5;0.0;0.5;0.3333333333333333;0.0;0.5;0.0;0.3333333333333333;0.0;1.0;0.0;1.0;0.0;1.0291194047998178
176;2020-08-19;0.046365516144425;1.0;0.0;0.0;0.5;0.0;0.0;0.5;0.0;0.5;0.0;0.5;0.3333333333333333;0.0;0.5;0.0;0.3333333333333333;0.0;1.0;0.0;1.0;0.0;1.0553056480968872
177;2020-08-20;0.04644504533163671;1.0;0.0;0.0;0.5;0.0;0.0;0.5;0.0;0.5;0.0;0.5;0.3333333333333333;0.0;0.5;0.0;0.3333333333333333;0.0;1.0;0.0;1.0;0.0;1.082090692575619
178;2020-08-21;0.048512804199141085;1.0;0.0;0.0;0.5;0.0;0.0;0.5;0.0;0.5;0.0;0.5;0.3333333333333333;0.0;0.5;0.0;0.3333333333333333;0.0;1.0;0.0;1.0;0.0;1.1086308881428792
179;2020-08-22;0.04644504533163671;1.0;0.0;0.0;0.5;0.0;0.0;0.5;0.0;0.5;0.0;0.5;0.3333333333333333;0.0;0.5;0.0;0.3333333333333333;0.0;1.0;0.0;1.0;0.0;1.1357091178955874
180;2020-08-23;0.04795609988865914;1.0;0.0;0.0;0.5;0.0;0.0;0.5;0.0;0.5;0.0;0.5;0.3333333333333333;0.0;0.5;0.0;0.3333333333333333;0.0;1.0;0.0;1.0;0.0;1.1637153426787281
181;2020-08-24;0.04684269126769525;1.0;0.0;0.0;0.5;0.0;0.0;0.5;0.0;0.5;0.0;0.5;0.3333333333333333;0.0;0.5;0.0;0.3333333333333333;0.0;1.0;0.0;1.0;0.0;1.195588957512773
182;2020-08-25;0.049944329568951805;1.0;0.0;0.0;0.5;0.0;0.0;0.5;0.0;0.5;0.0;0.5;0.3333333333333333;0.0;0.5;0.0;0.3333333333333333;0.0;1.0;0.0;1.0;0.0;1.2327197269142207
183;2020-08-26;0.07515508191506283;1.0;0.0;0.0;0.5;0.0;0.0;0.5;0.0;0.5;0.0;0.5;0.3333333333333333;0.0;0.5;0.0;0.3333333333333333;0.0;1.0;0.0;1.0;0.0;1.2748704472564012
184;2020-08-27;0.08080165420709401;1.0;0.0;0.0;0.5;0.0;0.0;0.5;0.0;0.5;0.0;0.5;0.3333333333333333;0.0;0.5;0.0;0.3333333333333333;0.0;1.0;0.0;1.0;0.0;1.3179861593871924
185;2020-08-28;0.07897248290122474;1.0;0.0;0.0;0.5;0.0;0.0;0.5;0.0;0.5;0.0;0.5;0.3333333333333333;0.0;0.5;0.0;0.3333333333333333;0.0;1.0;0.0;1.0;0.0;1.3561126487401995
186;2020-08-29;0.07905201208843646;1.0;0.0;0.0;0.5;0.0;0.0;0.5;0.0;0.5;0.0;0.5;0.3333333333333333;0.0;0.5;0.0;0.3333333333333333;0.0;1.0;0.0;1.0;0.0;1.3840838099683244
187;2020-08-30;0.09114044854461588;1.0;0.0;0.0;0.5;0.0;0.0;0.5;0.0;0.5;0.0;0.5;0.3333333333333333;0.0;0.5;0.0;0.3333333333333333;0.0;1.0;0.0;1.0;0.0;1.3983430856824197
188;2020-08-31;0.09949101320184507;1.0;0.0;0.0;0.5;0.0;0.0;0.5;0.0;0.5;0.0;0.5;0.3333333333333333;0.0;0.5;0.0;0.3333333333333333;0.0;1.0;0.0;1.0;0.0;1.400081935796058
189;2020-09-01;0.10012724669953874;1.0;0.0;0.0;0.5;0.0;0.0;0.5;0.0;0.5;0.0;0.5;0.3333333333333333;0.0;0.5;0.0;0.3333333333333333;0.0;1.0;0.0;1.0;0.0;1.3921407377454245
190;2020-09-02;0.12525846985843805;1.0;0.0;0.0;0.0;0.0;0.0;0.5;0.0;0.5;0.0;0.5;0.3333333333333333;0.0;0.5;0.0;0.3333333333333333;0.0;1.0;0.0;1.0;0.0;1.3785729551490913
191;2020-09-03;0.1355972641959599;1.0;0.0;0.0;0.0;0.0;0.0;0.5;0.0;0.5;0.0;0.5;0.3333333333333333;0.0;0.5;0.0;0.3333333333333333;0.0;1.0;0.0;1.0;0.0;1.361577603900094
192;2020-09-04;0.13233656752027995;1.0;0.0;0.0;0.0;0.0;0.0;0.5;0.0;0.5;0.0;0.5;0.3333333333333333;0.0;0.5;0.0;0.3333333333333333;0.0;1.0;0.0;1.0;0.0;1.34299488195066
193;2020-09-05;0.12629234929219024;1.0;0.0;0.0;0.0;0.0;0.0;0.5;0.0;0.5;0.0;0.5;0.3333333333333333;0.0;0.5;0.0;0.3333333333333333;0.0;1.0;0.0;1.0;0.0;1.3245369649772611
194;2020-09-06;0.14052807380308574;1.0;0.0;0.0;0.0;0.0;0.0;0.5;0.0;0.5;0.0;0.5;0.3333333333333333;0.0;0.5;0.0;0.3333333333333333;0.0;1.0;0.0;1.0;0.0;1.3070908546885618
195;2020-09-07;0.14784475902656274;1.0;0.0;0.0;0.0;0.0;0.0;0.5;0.0;0.5;0.0;0.5;0.3333333333333333;0.0;0.5;0.0;0.3333333333333333;0.0;1.0;0.0;1.0;0.0;1.2937873850759392
196;2020-09-08;0.15365038969301734;1.0;0.0;0.0;0.0;0.0;0.0;0.5;0.0;0.5;0.0;0.5;0.3333333333333333;0.0;0.5;0.0;0.3333333333333333;0.0;1.0;0.0;1.0;0.0;1.28495397339539
197;2020-09-09;0.20327660251312232;1.0;0.0;0.0;0.0;0.0;0.0;0.5;0.0;0.5;0.0;0.5;0.3333333333333333;0.0;0.5;0.0;0.3333333333333333;0.0;1.0;0.0;1.0;0.0;1.2796329607175452
198;2020-09-10;0.20168601876888817;1.0;0.0;0.0;0.0;0.0;0.0;0.5;0.0;0.5;0.0;0.5;0.3333333333333333;0.0;0.5;0.0;0.3333333333333333;0.0;1.0;0.0;1.0;0.0;1.2748051077513876
199;2020-09-11;0.20271989820264036;1.0;0.0;0.0;0.0;0.0;0.0;0.5;0.0;0.5;0.0;0.5;0.3333333333333333;0.0;0.5;0.0;0.3333333333333333;0.0;1.0;0.0;1.0;0.0;1.2671685419238141
200;2020-09-12;0.1995387307141721;1.0;0.0;0.0;0.0;0.0;0.0;0.5;0.0;0.5;0.0;0.5;0.3333333333333333;0.0;0.5;0.0;0.3333333333333333;0.0;1.0;0.0;1.0;0.0;1.2547587834601373
201;2020-09-13;0.19786861778272627;1.0;0.0;0.0;0.0;0.0;0.0;0.5;0.0;0.5;0.0;0.5;0.3333333333333333;0.0;0.5;0.0;0.3333333333333333;0.0;1.0;0.0;1.0;0.0;1.2373602203046383
202;2020-09-14;0.202004135517735;1.0;0.0;0.0;0.0;0.0;0.0;0.5;0.0;0.5;0.0;0.5;0.3333333333333333;0.0;0.5;0.0;0.3333333333333333;0.0;1.0;0.0;1.0;0.0;1.218179769291106
203;2020-09-15;0.2197391442659456;1.0;0.0;0.0;0.0;0.0;0.0;0.5;0.0;0.5;0.0;0.5;0.3333333333333333;0.0;0.5;0.0;0.3333333333333333;0.0;1.0;0.0;1.0;0.0;1.200263315779192
204;2020-09-16;0.27358040400827105;1.0;0.0;0.0;0.0;0.0;0.0;0.5;0.0;0.5;0.0;0.5;0.3333333333333333;0.0;0.5;0.0;0.3333333333333333;0.0;1.0;0.0;1.0;0.0;1.1866753144260958
205;2020-09-17;0.25242564020995706;1.0;0.0;0.0;0.0;0.0;0.0;0.5;0.0;0.5;0.0;0.5;0.3333333333333333;0.0;0.5;0.0;0.3333333333333333;0.0;1.0;0.0;1.0;0.0;1.1779649841645103
206;2020-09-18;0.25576586607284874;1.0;0.0;0.0;0.0;0.0;0.0;0.5;0.0;0.5;0.0;0.5;0.3333333333333333;0.0;0.5;0.0;0.3333333333333333;0.0;1.0;0.0;1.0;0.0;1.1742772148278489
207;2020-09-19;0.2413710831875298;1.0;0.0;0.0;0.0;0.0;0.0;0.5;0.0;0.5;0.0;0.5;0.3333333333333333;0.0;0.5;0.0;0.3333333333333333;0.0;1.0;0.0;1.0;0.0;1.175885955140721
208;2020-09-20;0.26697948146969935;1.0;0.0;0.0;0.0;0.0;0.0;0.5;0.0;0.5;0.0;0.5;0.3333333333333333;0.0;0.5;0.0;0.3333333333333333;0.0;1.0;0.0;1.0;0.0;1.1825875038330491
209;2020-09-21;0.2706378240814379;1.0;0.0;0.0;0.0;0.0;0.0;0.5;0.0;0.5;0.0;0.5;0.3333333333333333;0.0;0.5;0.0;0.3333333333333333;0.0;1.0;0.0;1.0;0.0;1.1969609874016038
210;2020-09-22;0.28678224908541433;1.0;0.0;0.0;0.0;0.0;0.0;0.5;0.0;0.5;0.0;0.5;0.3333333333333333;0.0;0.5;0.0;0.3333333333333333;0.0;1.0;0.0;1.0;0.0;1.2187585344292482
211;2020-09-23;0.39358994751073645;1.0;0.0;0.0;0.0;0.0;0.0;0.5;0.0;0.5;0.0;0.5;0.3333333333333333;0.0;0.5;0.0;0.3333333333333333;0.0;1.0;0.0;1.0;0.0;1.2465018636754455
212;2020-09-24;0.37498011770319706;1.0;0.0;0.0;0.0;0.0;0.0;0.5;0.0;0.5;0.0;0.5;0.3333333333333333;0.0;0.5;0.0;0.3333333333333333;0.0;1.0;0.0;1.0;0.0;1.275817285530569
213;2020-09-25;0.40480356290758707;1.0;0.0;0.0;0.0;0.0;0.0;0.5;0.0;0.5;0.0;0.5;0.3333333333333333;0.0;0.5;0.0;0.3333333333333333;0.0;1.0;0.0;1.0;0.0;1.301029564984675
214;2020-09-26;0.4421822808970892;1.0;0.0;0.0;0.0;0.0;0.0;0.5;0.0;0.5;0.0;0.5;0.3333333333333333;0.0;0.5;0.0;0.3333333333333333;0.0;1.0;0.0;1.0;0.0;1.317066595148334
215;2020-09-27;0.46389374900588515;1.0;0.0;0.0;0.0;0.0;0.0;0.5;0.0;0.5;0.0;0.5;0.3333333333333333;0.0;0.5;0.0;0.3333333333333333;0.0;1.0;0.0;1.0;0.0;1.320420560720199
216;2020-09-28;0.47311913472244316;1.0;0.0;0.0;0.0;0.0;0.0;0.5;0.0;0.5;0.0;0.5;0.3333333333333333;0.0;0.5;0.0;0.3333333333333333;0.0;1.0;0.0;1.0;0.0;1.3117764297182442
217;2020-09-29;0.47645936058533483;1.0;0.0;0.0;0.0;0.0;0.0;0.5;0.0;0.5;0.0;1.0;0.3333333333333333;1.0;1.0;0.0;1.0;0.0;1.0;0.0;1.0;0.0;1.2925013615372853
218;2020-09-30;0.6013997136949261;1.0;0.0;0.0;0.0;0.0;0.0;0.5;0.0;0.5;0.0;1.0;0.3333333333333333;1.0;1.0;0.0;1.0;0.0;1.0;0.0;1.0;0.0;1.2663917022295157
219;2020-10-01;0.5235406394146652;1.0;0.0;0.0;0.0;0.0;0.0;0.5;0.0;0.5;0.0;1.0;0.3333333333333333;1.0;1.0;0.0;1.0;0.0;1.0;0.0;1.0;0.0;1.2365663084149836
220;2020-10-02;0.5773818991569906;1.0;0.0;0.0;0.0;0.0;0.0;0.5;0.0;0.5;0.0;1.0;0.3333333333333333;1.0;1.0;0.0;1.0;0.0;1.0;0.0;1.0;0.0;1.2060381266283218
221;2020-10-03;0.549069508509623;1.0;0.0;0.0;0.0;0.0;0.0;0.5;0.0;0.5;0.0;1.0;0.3333333333333333;1.0;1.0;0.0;1.0;0.0;1.0;0.0;1.0;0.0;1.1775662830787692
222;2020-10-04;0.5631461746460951;1.0;0.0;0.0;0.0;0.0;0.0;0.5;0.0;0.5;0.0;1.0;0.3333333333333333;1.0;1.0;0.0;1.0;0.0;1.0;0.0;1.0;0.0;1.152522671291486
223;2020-10-05;0.585414347065373;1.0;0.0;0.0;0.0;0.0;0.0;0.5;0.0;0.5;0.0;1.0;1.0;1.0;1.0;0.0;1.0;0.0;1.0;0.0;1.0;0.0;1.1336080822519747
224;2020-10-06;0.5551137267377128;1.0;0.0;0.0;0.0;0.0;0.0;0.5;0.0;0.5;0.0;1.0;1.0;1.0;1.0;0.0;1.0;0.0;1.0;0.0;1.0;0.0;1.120551842815472
225;2020-10-07;0.6888818196278034;1.0;0.0;0.0;0.0;0.0;0.0;0.5;0.0;0.5;0.0;1.0;1.0;1.0;1.0;0.0;1.0;0.0;1.0;0.0;1.0;0.0;1.1134058185847757
226;2020-10-08;0.6587402576745666;1.0;0.0;0.0;0.0;0.0;0.0;0.5;0.0;0.5;0.0;1.0;1.0;1.0;1.0;0.0;1.0;0.0;1.0;0.0;1.0;0.0;1.1104662600552708
227;2020-10-09;0.684110068395101;1.0;0.0;0.0;0.0;0.0;0.0;0.5;0.0;0.5;0.0;1.0;1.0;1.0;1.0;0.0;1.0;0.0;1.0;0.0;1.0;0.0;1.1093543973047753
228;2020-10-10;0.6449817082869413;1.0;0.0;0.0;0.0;0.0;0.0;0.5;0.0;0.5;0.0;1.0;1.0;1.0;1.0;0.0;1.0;0.0;1.0;0.0;1.0;0.0;1.1082317028926547
229;2020-10-11;0.6772705582948942;1.0;0.0;0.0;0.0;0.0;0.0;0.5;0.0;0.5;0.0;1.0;1.0;1.0;1.0;0.0;1.0;0.0;1.0;0.0;1.0;0.0;1.1054683862476888
230;2020-10-12;0.7003340225862892;1.0;0.0;0.0;0.0;0.0;0.0;0.5;0.0;0.5;0.0;1.0;1.0;1.0;1.0;0.0;1.0;0.0;1.0;0.0;1.0;0.0;1.1013051101110354
231;2020-10-13;0.6744075075552728;1.0;0.0;0.0;0.0;0.0;0.0;0.5;0.0;0.5;0.0;1.0;1.0;1.0;1.0;0.0;1.0;0.0;1.0;0.0;1.0;0.0;1.095226608777222
232;2020-10-14;0.8045172578336249;1.0;0.5;0.0;0.0;0.0;0.0;1.0;0.0;0.5;0.5;0.0;1.0;0.5;0.5;0.0;0.0;0.0;1.0;0.0;1.0;0.0;1.0877062993906939
233;2020-10-15;0.7829648480992524;1.0;0.5;0.0;0.0;0.0;0.0;1.0;0.0;0.5;0.5;0.0;1.0;0.5;0.5;0.0;0.0;0.0;1.0;0.0;1.0;0.0;1.0774009252177885
234;2020-10-16;0.7534595196437093;1.0;0.5;0.0;0.0;0.0;0.0;1.0;0.0;0.5;0.5;0.0;1.0;0.5;0.5;0.0;0.0;0.0;1.0;0.0;1.0;0.0;1.063110824878892
235;2020-10-17;0.707173532686496;1.0;0.5;0.0;0.0;0.0;0.0;1.0;0.0;0.5;0.5;0.0;1.0;0.5;0.5;0.0;0.0;0.0;1.0;0.0;1.0;0.0;1.044353186362968
236;2020-10-18;0.7390647367583904;1.0;0.5;0.0;0.0;0.0;0.0;1.0;0.0;0.5;0.5;0.0;1.0;0.5;0.5;0.0;0.0;0.0;1.0;0.0;1.0;0.0;1.0205527244194912
237;2020-10-19;0.6967552091617624;1.0;0.5;0.0;0.0;0.0;0.0;1.0;0.0;0.5;0.5;0.0;1.0;0.5;0.5;0.0;0.0;0.0;1.0;0.0;1.0;0.0;0.9937087482830451
238;2020-10-20;0.6379036106250994;1.0;0.5;0.0;0.0;0.0;0.0;1.0;0.0;0.5;0.5;0.0;1.0;0.5;0.5;0.0;0.0;0.0;1.0;0.0;1.0;0.0;0.9653688171316644
239;2020-10-21;0.7153650389693017;1.0;0.5;0.0;0.0;0.0;0.0;1.0;0.0;0.5;0.5;0.0;1.0;0.5;0.5;0.0;0.0;0.0;1.0;0.0;1.0;0.0;0.9377104744137927
240;2020-10-22;0.627962462223636;1.0;0.5;0.0;0.0;0.0;0.0;1.0;0.0;0.5;0.5;0.0;1.0;0.5;0.5;0.0;0.0;0.0;1.0;0.0;1.0;0.0;0.9121235002688582
241;2020-10-23;0.5940034992842373;1.0;0.5;0.0;0.0;0.0;0.0;1.0;0.0;0.5;0.5;0.0;1.0;0.5;0.5;0.0;0.0;0.0;1.0;0.0;1.0;0.0;0.8896459324305869
242;2020-10-24;0.5404803562907587;1.0;0.5;0.0;0.0;0.0;0.0;1.0;0.0;0.5;0.5;0.0;1.0;0.5;0.5;0.0;0.0;0.0;1.0;0.0;1.0;0.0;0.8710280894323802
243;2020-10-25;0.5195641800540799;1.0;0.5;0.0;0.0;0.0;0.0;1.0;0.0;0.5;0.5;0.0;1.0;0.5;0.5;0.0;0.0;0.0;1.0;0.0;1.0;0.0;0.8565083158960901
244;2020-10-26;0.4978527119452839;1.0;0.5;0.0;0.0;0.0;0.0;1.0;0.0;0.5;0.5;0.0;1.0;0.5;0.5;0.0;0.0;0.0;1.0;0.0;1.0;0.0;0.8470462987249953
245;2020-10-27;0.49801177031970734;1.0;0.5;0.0;0.0;0.0;0.0;1.0;0.0;0.5;0.5;0.0;1.0;0.5;0.5;0.0;0.0;0.0;1.0;0.0;1.0;0.0;0.8423134585597485
246;2020-10-28;0.5040559885477971;1.0;0.5;0.0;0.0;0.0;0.0;1.0;0.0;0.5;0.5;0.0;1.0;0.5;0.5;0.0;0.0;0.0;1.0;0.0;1.0;0.0;0.8423001761562436
247;2020-10-29;0.45355495466836326;1.0;0.5;0.0;0.0;0.0;0.0;1.0;0.0;0.5;0.5;0.0;1.0;0.5;0.5;0.0;0.0;0.0;1.0;0.0;1.0;0.0;0.8460993036160928
248;2020-10-30;0.44106887227612535;1.0;0.5;0.0;0.0;0.0;0.0;1.0;0.0;0.5;0.5;0.0;1.0;0.5;0.5;0.0;0.0;0.0;1.0;0.0;1.0;0.0;0.8531962364897689
249;2020-10-31;0.3943852393828535;1.0;0.5;0.0;0.0;0.0;0.0;1.0;0.0;0.5;0.5;0.0;1.0;0.5;0.5;0.0;0.0;0.0;1.0;0.0;1.0;0.0;0.863447206221317
250;2020-11-01;0.41037060601240655;1.0;0.5;0.0;0.0;0.0;0.0;1.0;0.0;0.5;0.5;0.0;1.0;0.5;0.5;0.0;0.0;0.0;1.0;0.0;1.0;0.0;0.8764750229758724
251;2020-11-02;0.411881660569429;1.0;0.5;0.0;0.0;0.0;0.0;1.0;0.0;0.5;0.5;0.0;1.0;0.5;0.5;0.0;0.0;0.0;1.0;0.0;1.0;0.0;0.893023517870842
252;2020-11-03;0.39390806425958325;1.0;0.5;0.0;0.0;0.0;0.0;1.0;0.0;0.5;0.5;0.0;1.0;0.5;0.5;0.0;0.0;0.0;1.0;0.0;1.0;0.0;0.9120903746409644
253;2020-11-04;0.456338476220773;1.0;1.0;0.0;0.0;0.0;0.0;1.0;0.0;1.0;0.5;0.0;1.0;1.0;1.0;0.0;0.0;0.0;1.0;0.5;1.0;0.0;0.932634158689353
254;2020-11-05;0.4236519802767616;1.0;1.0;0.0;0.0;0.0;0.0;1.0;0.0;1.0;0.5;0.0;1.0;1.0;1.0;0.0;0.0;0.0;1.0;0.5;1.0;0.0;0.9525440702826723
255;2020-11-06;0.44019405121679656;1.0;1.0;0.0;0.0;0.0;0.0;1.0;0.0;1.0;0.5;0.0;1.0;1.0;1.0;0.0;0.0;0.0;1.0;0.5;1.0;0.0;0.969449014985037
256;2020-11-07;0.39732781930968664;1.0;1.0;0.0;0.0;0.0;0.0;1.0;0.0;1.0;0.5;0.0;1.0;1.0;1.0;0.0;0.0;0.0;1.0;0.5;1.0;0.0;0.9821823876687946
257;2020-11-08;0.39860028630507394;1.0;1.0;0.0;0.0;0.0;0.0;1.0;0.0;1.0;0.5;0.0;1.0;1.0;1.0;0.0;0.0;0.0;1.0;0.5;1.0;0.0;0.9901347444169557
258;2020-11-09;0.40551932559249243;1.0;1.0;0.0;0.0;0.0;0.0;1.0;0.0;1.0;0.5;0.0;1.0;1.0;1.0;0.0;0.0;0.0;1.0;0.5;1.0;0.0;0.9943010756526132
259;2020-11-10;0.40559885477970414;1.0;1.0;0.0;0.0;0.0;0.0;1.0;0.0;1.0;0.5;0.0;1.0;1.0;1.0;0.0;0.0;0.0;1.0;0.5;1.0;0.0;0.9953580140302696
260;2020-11-11;0.47558453952600604;1.0;1.0;0.0;0.0;0.0;0.0;1.0;0.0;1.0;0.5;0.0;1.0;1.0;1.0;0.0;0.0;0.0;1.0;0.5;1.0;0.0;0.994167777107433
261;2020-11-12;0.4326387784316844;1.0;1.0;0.0;0.0;0.0;0.0;1.0;0.0;1.0;0.5;0.0;1.0;1.0;1.0;0.0;0.0;0.0;1.0;0.5;1.0;0.0;0.9902361175691011
262;2020-11-13;0.41347224431366314;1.0;1.0;0.0;0.0;0.0;0.0;1.0;0.0;1.0;0.5;0.0;1.0;1.0;1.0;0.0;0.0;0.0;1.0;0.5;1.0;0.0;0.9834527388760781
263;2020-11-14;0.37323047558453953;1.0;1.0;0.0;0.0;0.0;0.0;1.0;0.0;1.0;0.5;0.0;1.0;1.0;1.0;0.0;0.0;0.0;1.0;0.5;1.0;0.0;0.9745644242447791
264;2020-11-15;0.3700493080960713;1.0;1.0;0.0;0.0;0.0;0.0;1.0;0.0;1.0;0.5;0.0;1.0;1.0;1.0;0.0;0.0;0.0;1.0;0.5;1.0;0.0;0.9647244815723325
265;2020-11-16;0.36885637028789564;1.0;1.0;0.0;0.0;0.0;0.0;1.0;0.0;1.0;0.5;0.0;1.0;1.0;1.0;0.0;0.0;0.0;1.0;0.5;1.0;0.0;0.9573193481170338
266;2020-11-17;0.3492921902338158;1.0;1.0;0.0;0.0;0.0;0.0;1.0;0.0;1.0;0.5;0.0;1.0;1.0;1.0;0.0;0.0;0.0;1.0;0.5;1.0;0.0;0.9543781517665603
267;2020-11-18;0.43200254493399076;1.0;1.0;0.0;0.0;0.0;0.0;1.0;0.0;1.0;0.5;0.0;1.0;1.0;1.0;0.0;0.0;0.0;1.0;0.5;1.0;0.0;0.9578478550316177
268;2020-11-19;0.38404644504533164;1.0;1.0;0.0;0.0;0.0;0.0;1.0;0.0;1.0;0.5;0.0;1.0;1.0;1.0;0.0;0.0;0.0;1.0;0.5;1.0;0.0;0.9676349386716587
269;2020-11-20;0.38667090822331796;1.0;1.0;0.0;0.0;0.0;0.0;1.0;0.0;1.0;0.5;0.0;1.0;1.0;1.0;0.0;0.0;0.0;1.0;0.5;1.0;0.0;0.98285965256276
270;2020-11-21;0.3611420391283601;1.0;1.0;0.0;0.0;0.0;0.0;1.0;0.0;1.0;0.5;0.0;1.0;1.0;1.0;0.0;0.0;0.0;1.0;0.5;1.0;0.0;1.003167050760938
271;2020-11-22;0.38189915699061555;1.0;1.0;0.0;0.0;0.0;0.0;1.0;0.0;1.0;0.5;0.0;1.0;1.0;1.0;0.0;0.0;0.0;1.0;0.5;1.0;0.0;1.0276290807118986
272;2020-11-23;0.38746620009543503;1.0;1.0;0.0;0.0;0.0;0.0;1.0;0.0;1.0;0.5;0.0;1.0;1.0;1.0;0.0;0.0;0.0;1.0;0.5;1.0;0.0;1.0571447941553442
273;2020-11-24;0.39263559726419595;1.0;1.0;0.0;0.0;0.0;0.0;1.0;0.0;1.0;0.5;0.0;1.0;1.0;1.0;0.0;0.0;0.0;1.0;0.5;1.0;0.0;1.0911160283370394
274;2020-11-25;0.5125656115794497;1.0;1.0;0.0;0.0;0.0;0.0;1.0;0.0;1.0;0.5;0.0;1.0;1.0;1.0;0.0;0.0;0.0;1.0;0.5;1.0;0.0;1.12818189092218
275;2020-11-26;0.5299825035788134;1.0;1.0;0.0;0.0;0.0;0.0;1.0;0.0;1.0;0.5;0.0;1.0;1.0;1.0;0.0;0.0;0.0;1.0;0.5;1.0;0.0;1.1649174305124825
276;2020-11-27;0.5432638778431684;1.0;1.0;0.0;0.0;0.0;0.0;1.0;0.0;1.0;0.5;0.0;1.0;1.0;1.0;0.0;0.0;0.0;1.0;0.5;1.0;0.0;1.1971747301775284
277;2020-11-28;0.5380944806744075;1.0;1.0;0.0;0.0;0.0;0.0;1.0;0.0;1.0;0.5;0.0;1.0;1.0;1.0;0.0;0.0;0.0;1.0;0.5;1.0;0.0;1.2216538085026374
278;2020-11-29;0.5608398282169557;1.0;1.0;0.0;0.0;0.0;0.0;1.0;0.0;1.0;0.5;0.0;1.0;1.0;1.0;0.0;0.0;0.0;1.0;0.5;1.0;0.0;1.2365459279644324
279;2020-11-30;0.5920947987911563;1.0;1.0;0.0;0.0;0.0;0.0;1.0;0.0;1.0;0.5;0.0;1.0;1.0;1.0;0.0;0.0;0.0;1.0;0.5;1.0;0.0;1.2433527810142715
280;2020-12-01;0.6172260219500557;1.0;1.0;0.0;0.0;0.0;0.0;1.0;0.0;1.0;0.5;0.0;0.6666666666666666;1.0;1.0;0.0;0.0;0.0;1.0;0.5;1.0;0.0;1.2439389487710537
281;2020-12-02;0.7474153014156195;1.0;1.0;0.0;0.0;0.0;0.0;1.0;0.0;1.0;0.5;0.0;0.6666666666666666;1.0;1.0;0.0;0.0;0.0;1.0;0.5;1.0;0.0;1.241026353403412
282;2020-12-03;0.7738189915699062;1.0;1.0;0.0;0.0;0.0;0.0;1.0;0.0;1.0;0.5;0.0;0.6666666666666666;1.0;1.0;0.0;0.0;0.0;1.0;0.5;1.0;0.0;1.2353597583172042
283;2020-12-04;0.7711149992047082;1.0;1.0;0.0;0.0;0.0;0.0;1.0;0.0;1.0;0.5;0.0;0.6666666666666666;1.0;1.0;0.0;0.0;0.0;1.0;0.5;1.0;0.0;1.226892787769893
284;2020-12-05;0.7374741530141562;1.0;1.0;0.0;0.0;0.0;0.0;1.0;0.0;1.0;0.5;0.0;0.6666666666666666;1.0;1.0;0.0;0.0;0.0;1.0;0.5;1.0;0.0;1.2156000347447307
285;2020-12-06;0.7850326069667568;1.0;1.0;0.0;0.0;0.0;0.0;1.0;0.0;1.0;0.5;0.0;0.6666666666666666;1.0;1.0;0.0;0.0;0.0;1.0;0.5;1.0;0.0;1.2011539193999088
286;2020-12-07;0.7996659774137108;1.0;1.0;0.0;0.0;0.0;0.0;1.0;0.0;1.0;0.5;0.0;0.6666666666666666;1.0;1.0;0.0;0.0;0.0;1.0;0.5;1.0;0.0;1.1853774385150058
287;2020-12-08;0.8156513440432639;1.0;1.0;0.0;0.0;0.0;0.0;1.0;0.0;1.0;0.5;0.0;0.6666666666666666;1.0;1.0;0.0;0.0;0.0;1.0;0.5;1.0;0.0;1.1687987460583378
288;2020-12-09;1.0;1.0;1.0;0.0;0.0;0.0;0.0;1.0;0.0;1.0;0.5;0.0;0.6666666666666666;1.0;1.0;0.0;0.0;0.0;1.0;0.5;1.0;0.0;1.151584601913276
289;2020-12-10;0.9776522983935104;1.0;1.0;0.0;0.0;0.0;0.0;1.0;0.0;1.0;0.5;0.0;0.6666666666666666;1.0;1.0;0.0;0.0;0.0;1.0;0.5;1.0;0.0;1.1323135761768868
290;2020-12-11;0.9288213774455225;1.0;1.0;0.0;0.0;0.0;0.0;1.0;0.0;1.0;0.5;0.0;0.6666666666666666;1.0;1.0;0.0;0.0;0.0;1.0;0.5;1.0;0.0;1.1089932883359528
291;2020-12-12;0.8511213615396851;1.0;1.0;0.0;0.0;0.0;0.0;1.0;0.0;1.0;0.5;0.0;0.6666666666666666;1.0;1.0;0.0;0.0;0.0;1.0;0.5;1.0;0.0;1.0806745692219433
292;2020-12-13;0.8526324160967075;1.0;1.0;0.0;0.0;0.0;0.0;1.0;0.0;1.0;0.5;0.0;0.6666666666666666;1.0;1.0;0.0;0.0;0.0;1.0;0.5;1.0;0.0;1.0474159311619353
293;2020-12-14;0.8323524733577223;1.0;1.0;0.0;0.0;0.0;0.0;1.0;0.0;1.0;0.5;0.0;0.6666666666666666;1.0;1.0;0.0;0.0;0.0;1.0;0.5;1.0;0.0;1.0116634309121504
294;2020-12-15;0.7983935104183235;1.0;1.0;0.0;0.0;0.0;0.0;1.0;0.0;1.0;1.0;0.0;0.6666666666666666;1.0;1.0;1.0;0.0;0.0;1.0;0.75;1.0;0.0;0.9762504360063292
295;2020-12-16;0.8717989502147288;1.0;1.0;1.0;1.0;1.0;1.0;1.0;0.0;1.0;1.0;0.0;0.6666666666666666;1.0;1.0;1.0;0.0;0.0;1.0;0.75;1.0;0.0;0.9438699579022576
296;2020-12-17;0.7946556386193733;1.0;1.0;1.0;1.0;1.0;1.0;1.0;0.0;1.0;1.0;0.0;0.6666666666666666;1.0;1.0;1.0;0.0;0.0;1.0;0.75;1.0;0.0;0.9162698387360223
297;2020-12-18;0.6974709718466677;1.0;1.0;1.0;1.0;1.0;1.0;1.0;0.0;1.0;1.0;0.0;0.6666666666666666;1.0;1.0;1.0;0.0;0.0;1.0;0.75;1.0;0.0;0.8945730151500616
298;2020-12-19;0.6403690154286623;1.0;1.0;1.0;1.0;1.0;1.0;1.0;0.0;1.0;1.0;0.0;0.6666666666666666;1.0;1.0;1.0;0.0;0.0;1.0;0.75;1.0;0.0;0.8792639565910026
299;2020-12-20;0.5961507873389534;1.0;1.0;1.0;1.0;1.0;1.0;1.0;0.0;1.0;1.0;0.0;0.6666666666666666;1.0;1.0;1.0;0.0;0.0;1.0;0.75;1.0;0.0;0.8706133429941671
300;2020-12-21;0.6053761730555114;1.0;1.0;1.0;1.0;1.0;1.0;1.0;0.0;1.0;1.0;0.0;0.6666666666666666;1.0;1.0;1.0;0.0;0.0;1.0;0.75;1.0;0.0;0.8693605469270955
301;2020-12-22;0.6596150787338954;1.0;1.0;1.0;1.0;1.0;1.0;1.0;0.0;1.0;1.0;0.0;0.6666666666666666;1.0;1.0;1.0;0.0;0.0;1.0;0.75;1.0;0.0;0.8746470896672706
302;2020-12-23;0.7293621759185621;1.0;1.0;1.0;1.0;1.0;1.0;1.0;0.0;1.0;1.0;0.0;0.6666666666666666;1.0;1.0;1.0;0.0;0.0;1.0;0.75;1.0;0.0;0.8847603687481558
303;2020-12-24;0.6491967552091618;1.0;1.0;1.0;1.0;1.0;1.0;1.0;0.0;1.0;1.0;0.0;0.6666666666666666;1.0;1.0;1.0;0.0;0.0;1.0;0.75;1.0;0.0;0.896891756043993
304;2020-12-25;0.5494671544456816;1.0;1.0;1.0;1.0;1.0;1.0;1.0;0.0;1.0;1.0;0.0;0.6666666666666666;1.0;1.0;1.0;0.0;0.0;1.0;0.75;1.0;0.0;0.9086240999656844
305;2020-12-26;0.5216319389215842;1.0;1.0;1.0;1.0;1.0;1.0;1.0;0.0;1.0;1.0;0.0;0.6666666666666666;1.0;1.0;1.0;0.0;0.0;1.0;0.75;1.0;0.0;0.9186170922618245
306;2020-12-27;0.5385716557976777;1.0;1.0;1.0;1.0;1.0;1.0;1.0;0.0;1.0;1.0;0.0;0.6666666666666666;1.0;1.0;1.0;0.0;0.0;1.0;0.75;1.0;0.0;0.9267589892065992
307;2020-12-28;0.5714967393033243;1.0;1.0;1.0;1.0;1.0;1.0;1.0;0.0;1.0;1.0;0.0;0.6666666666666666;1.0;1.0;1.0;0.0;0.0;1.0;0.75;1.0;0.0;0.934372351135133
308;2020-12-29;0.6162716717035152;1.0;1.0;1.0;1.0;1.0;1.0;1.0;0.0;1.0;1.0;0.0;0.6666666666666666;1.0;1.0;1.0;0.0;0.0;1.0;0.75;1.0;0.0;0.940853254109639
309;2020-12-30;0.6732145697470971;1.0;1.0;1.0;1.0;1.0;1.0;1.0;0.0;1.0;1.0;0.0;0.6666666666666666;1.0;1.0;1.0;0.0;0.0;1.0;0.75;1.0;0.0;0.9444234818026984
310;2020-12-31;0.5633052330205185;1.0;1.0;1.0;1.0;1.0;1.0;1.0;0.0;1.0;1.0;0.0;0.6666666666666666;1.0;1.0;1.0;0.0;0.0;1.0;0.75;1.0;0.0;0.942630446258103
311;2021-01-01;0.5341180213138221;1.0;1.0;1.0;1.0;1.0;1.0;1.0;0.0;1.0;1.0;0.0;0.6666666666666666;1.0;1.0;1.0;0.0;0.0;1.0;0.75;1.0;0.0;0.9337458981749663
312;2021-01-02;0.4697789088595515;1.0;1.0;1.0;1.0;1.0;1.0;1.0;0.0;1.0;1.0;0.0;0.6666666666666666;1.0;1.0;1.0;0.0;0.0;1.0;0.75;1.0;0.0;0.91903123302792
313;2021-01-03;0.4339112454270717;1.0;1.0;1.0;1.0;1.0;1.0;1.0;0.0;1.0;1.0;0.0;0.6666666666666666;1.0;1.0;1.0;0.0;0.0;1.0;0.75;1.0;0.0;0.9021172139398562
314;2021-01-04;0.4226976300302211;1.0;1.0;1.0;1.0;1.0;1.0;1.0;0.0;1.0;1.0;0.0;0.6666666666666666;1.0;1.0;1.0;0.0;0.0;1.0;0.75;1.0;0.0;0.8883062434049204
315;2021-01-05;0.42381103865118497;1.0;1.0;1.0;1.0;1.0;1.0;1.0;0.0;1.0;1.0;0.0;0.6666666666666666;1.0;1.0;1.0;0.0;0.0;1.0;0.75;1.0;0.0;0.8815246749798994
316;2021-01-06;0.48504851280419914;1.0;1.0;1.0;1.0;1.0;1.0;1.0;0.0;1.0;1.0;0.0;0.6666666666666666;1.0;1.0;1.0;0.0;0.0;1.0;0.75;1.0;0.0006285575579252257;0.8835327613160279
317;2021-01-07;0.46707491649435345;1.0;1.0;1.0;1.0;1.0;1.0;1.0;0.0;1.0;1.0;0.0;0.6666666666666666;1.0;1.0;1.0;0.0;0.0;1.0;0.75;1.0;0.0016752247195707256;0.8927325360868074
318;2021-01-08;0.454986480038174;1.0;1.0;1.0;1.0;1.0;1.0;1.0;0.0;1.0;1.0;0.0;0.6666666666666666;1.0;1.0;1.0;0.0;0.0;1.0;0.75;1.0;0.0029495493643865354;0.905728015564595
319;2021-01-09;0.4023381581040242;1.0;1.0;1.0;1.0;1.0;1.0;1.0;0.0;1.0;1.0;0.0;0.6666666666666666;1.0;1.0;1.0;0.0;0.0;1.0;0.75;1.0;0.004222071106167879;0.9188656382358475
320;2021-01-10;0.3989184030539208;1.0;1.0;1.0;1.0;1.0;1.0;1.0;0.0;1.0;1.0;0.0;0.6666666666666666;1.0;1.0;1.0;0.0;0.0;1.0;0.75;1.0;0.00553212601112129;0.9293756467231742
321;2021-01-11;0.3869094957849531;1.0;1.0;1.0;1.0;1.0;1.0;1.0;0.0;1.0;1.0;0.0;0.6666666666666666;1.0;1.0;1.0;0.0;0.0;1.0;0.75;1.0;0.007104093556899865;0.9369501336915571
322;2021-01-12;0.3869890249721648;1.0;1.0;1.0;1.0;1.0;1.0;1.0;0.0;1.0;1.0;0.0;0.6666666666666666;1.0;1.0;1.0;0.0;0.0;1.0;0.75;1.0;0.008258934900613331;0.9415879336459072
323;2021-01-13;0.4562589470335613;1.0;1.0;1.0;1.0;1.0;1.0;1.0;0.0;1.0;1.0;0.0;0.6666666666666666;1.0;1.0;1.0;0.0;0.0;1.0;0.75;1.0;0.009186282661432347;0.9443257815821934
324;2021-01-14;0.4203912836010816;1.0;1.0;1.0;1.0;1.0;1.0;1.0;0.0;1.0;1.0;0.0;0.6666666666666666;1.0;1.0;1.0;0.0;0.0;1.0;0.75;1.0;0.010113138721423783;0.9448496922325949
325;2021-01-15;0.4184030539207889;1.0;1.0;1.0;1.0;1.0;1.0;1.0;0.0;1.0;1.0;0.0;0.6666666666666666;1.0;1.0;1.0;0.0;0.0;1.0;0.75;1.0;0.01100229771796729;0.9420864824057855
326;2021-01-16;0.35644981708286944;1.0;1.0;1.0;1.0;1.0;1.0;1.0;0.0;1.0;1.0;0.0;0.6666666666666666;1.0;1.0;1.0;0.0;0.0;1.0;0.75;1.0;0.01181573478706322;0.9356881177453015
327;2021-01-17;0.3419755050103388;1.0;1.0;1.0;1.0;1.0;1.0;1.0;0.0;1.0;1.0;0.0;0.6666666666666666;1.0;1.0;1.0;0.0;0.0;1.0;0.75;1.0;0.01262917185615915;0.9258090854624397
328;2021-01-18;0.3421345633847622;1.0;1.0;1.0;1.0;1.0;1.0;1.0;0.0;1.0;1.0;0.0;0.6666666666666666;1.0;1.0;1.0;0.0;0.0;1.0;0.75;1.0;0.01483182766344914;0.9148493425568415
329;2021-01-19;0.32575155081915064;1.0;1.0;1.0;1.0;1.0;1.0;1.0;0.0;1.0;1.0;0.0;0.6666666666666666;1.0;1.0;1.0;0.0;0.0;1.0;0.75;1.0;0.01703448347073913;0.9051441563546138
330;2021-01-20;0.3574836965166216;1.0;1.0;1.0;1.0;1.0;1.0;1.0;0.0;1.0;1.0;0.0;0.6666666666666666;1.0;1.0;1.0;0.0;0.0;1.0;0.75;1.0;0.01923697537775326;0.8989950022336911
331;2021-01-21;0.32606966756799743;1.0;1.0;1.0;1.0;1.0;1.0;1.0;0.0;1.0;1.0;0.0;0.6666666666666666;1.0;1.0;1.0;0.0;0.0;1.0;0.75;1.0;0.021438975583939805;0.8970236219981529
332;2021-01-22;0.33068236042627647;1.0;1.0;1.0;1.0;1.0;1.0;1.0;0.0;1.0;1.0;0.0;0.6666666666666666;1.0;1.0;1.0;0.0;0.0;1.0;0.75;1.0;0.023780454924883683;0.8989388193030684
333;2021-01-23;0.3030062032766025;1.0;1.0;1.0;1.0;1.0;1.0;1.0;0.0;1.0;1.0;0.0;0.6666666666666666;1.0;1.0;1.0;0.0;0.0;1.0;1.0;1.0;0.025554183710246602;0.9037806399631573
334;2021-01-24;0.291474471130905;1.0;1.0;1.0;1.0;1.0;1.0;1.0;0.0;1.0;1.0;0.0;0.6666666666666666;1.0;1.0;1.0;0.0;0.0;1.0;1.0;1.0;0.02732774859533366;0.9102231642148222
335;2021-01-25;0.28304437728646414;1.0;1.0;1.0;1.0;1.0;1.0;1.0;0.0;1.0;1.0;0.0;0.6666666666666666;1.0;1.0;1.0;0.0;0.0;1.0;1.0;1.0;0.02994753060468876;0.9182284691090484
336;2021-01-26;0.28463496103069824;1.0;1.0;1.0;1.0;1.0;1.0;1.0;0.0;1.0;1.0;0.0;0.6666666666666666;1.0;1.0;1.0;0.0;0.0;1.0;1.0;1.0;0.033136702172383424;0.9269007522683095
337;2021-01-27;0.3276602513122316;1.0;1.0;1.0;1.0;1.0;1.0;1.0;0.0;1.0;1.0;0.0;0.6666666666666666;1.0;1.0;1.0;0.0;0.0;1.0;1.0;1.0;0.03745219643579182;0.9357570752432388
338;2021-01-28;0.3062668999522825;1.0;1.0;1.0;1.0;1.0;1.0;1.0;0.0;1.0;1.0;0.0;0.6666666666666666;1.0;1.0;1.0;0.0;0.0;1.0;1.0;1.0;0.0424134577860908;0.9436077682449128
339;2021-01-29;0.31159535549546685;1.0;1.0;1.0;1.0;1.0;1.0;1.0;0.0;1.0;1.0;0.0;0.6666666666666666;1.0;1.0;1.0;0.0;0.0;1.0;1.0;1.0;0.048053102378176615;0.9492472802104759
340;2021-01-30;0.28216955622713535;1.0;1.0;1.0;1.0;1.0;1.0;1.0;0.0;1.0;1.0;0.0;0.6666666666666666;1.0;1.0;1.0;0.0;0.0;1.0;1.0;1.0;0.05311925990502635;0.9521845510501944
341;2021-01-31;0.25377763639255607;1.0;1.0;1.0;1.0;1.0;1.0;1.0;0.0;1.0;1.0;0.0;0.6666666666666666;1.0;1.0;1.0;0.0;0.0;1.0;1.0;1.0;0.05772633275919067;0.9529837853246311
342;2021-02-01;0.23970097025608397;1.0;1.0;1.0;1.0;1.0;1.0;1.0;0.0;1.0;1.0;0.0;0.6666666666666666;1.0;1.0;1.0;0.0;0.0;1.0;1.0;1.0;0.06337450016562123;0.9538443056571055
343;2021-02-02;0.2668999522824877;1.0;1.0;1.0;1.0;1.0;1.0;1.0;0.0;1.0;1.0;0.0;0.6666666666666666;1.0;1.0;1.0;0.0;0.0;1.0;1.0;1.0;0.06904938331701706;0.9570440833405565
344;2021-02-03;0.29863209797995866;1.0;1.0;1.0;1.0;1.0;1.0;1.0;0.0;1.0;1.0;0.0;0.6666666666666666;1.0;1.0;1.0;0.0;0.0;1.0;1.0;1.0;0.07442678746772599;0.9644522697080526
345;2021-02-04;0.31406076029902974;1.0;1.0;1.0;1.0;1.0;1.0;1.0;0.0;1.0;1.0;0.0;0.6666666666666666;1.0;1.0;1.0;0.0;0.0;1.0;1.0;1.0;0.08009658971057014;0.9757771439173513
346;2021-02-05;0.28519166534118023;1.0;1.0;1.0;1.0;1.0;1.0;1.0;0.0;1.0;1.0;0.0;0.6666666666666666;1.0;1.0;1.0;0.0;0.0;1.0;1.0;1.0;0.08555053529010595;0.9899920162549991
347;2021-02-06;0.25799268331477654;1.0;1.0;1.0;1.0;1.0;1.0;1.0;0.0;1.0;1.0;0.0;0.6666666666666666;1.0;1.0;1.0;0.0;0.0;1.0;1.0;1.0;0.09009516213916739;1.0056373424294565
348;2021-02-07;0.2610943216160331;1.0;1.0;1.0;1.0;1.0;1.0;1.0;0.0;1.0;1.0;0.0;0.6666666666666666;1.0;1.0;1.0;0.0;0.0;1.0;1.0;1.0;0.09397123976299364;1.0221313582195677
349;2021-02-08;0.2595037378717989;1.0;1.0;0.0;1.0;1.0;0.0;1.0;0.0;1.0;1.0;0.0;0.6666666666666666;1.0;1.0;1.0;0.0;0.0;1.0;1.0;1.0;0.09940191150335725;1.0408256829137394
350;2021-02-09;0.29282646731350404;1.0;1.0;0.0;1.0;1.0;0.0;1.0;0.0;1.0;1.0;0.0;0.6666666666666666;1.0;1.0;1.0;0.0;0.0;1.0;1.0;1.0;0.10469359580979111;1.062310732492581
351;2021-02-10;0.3467472562430412;1.0;1.0;0.0;1.0;1.0;0.0;1.0;0.0;1.0;1.0;0.0;0.6666666666666666;1.0;1.0;1.0;0.0;0.0;1.0;1.0;1.0;0.1099336515293289;1.086157589814507
352;2021-02-11;0.366868140607603;1.0;1.0;0.0;1.0;1.0;0.0;1.0;0.0;1.0;1.0;0.0;0.6666666666666666;1.0;1.0;1.0;0.0;0.0;1.0;1.0;1.0;0.11516731513810811;1.1089438173148074
353;2021-02-12;0.36384603149355815;1.0;1.0;0.0;1.0;1.0;0.0;1.0;0.0;1.0;1.0;0.0;0.6666666666666666;1.0;1.0;1.0;0.0;0.0;1.0;1.0;1.0;0.12040081484661147;1.1258844588054937
354;2021-02-13;0.34269126769524416;1.0;1.0;0.0;1.0;1.0;0.0;1.0;0.0;1.0;1.0;0.0;0.6666666666666666;1.0;1.0;1.0;0.0;0.0;1.0;1.0;1.0;0.12506541669760285;1.1330300150542858
355;2021-02-14;0.34308891363130267;1.0;1.0;0.0;1.0;1.0;0.0;1.0;0.0;1.0;1.0;0.0;0.6666666666666666;1.0;1.0;1.0;0.0;0.0;1.0;1.0;1.0;0.12972952684776665;1.1285091903477256
356;2021-02-15;0.3386352791474471;1.0;1.0;0.0;1.0;1.0;0.0;1.0;0.0;1.0;1.0;0.0;0.6666666666666666;1.0;1.0;1.0;0.0;0.0;1.0;1.0;1.0;0.13490992286689119;1.1142738062496225
357;2021-02-16;0.3466677270558295;1.0;1.0;0.0;1.0;1.0;0.0;1.0;0.0;1.0;1.0;0.0;0.6666666666666666;1.0;1.0;1.0;0.0;0.0;1.0;1.0;1.0;0.14009015498573985;1.093926969744077
358;2021-02-17;0.4040878002226817;1.0;1.0;0.0;1.0;1.0;0.0;1.0;0.0;1.0;1.0;0.0;0.6666666666666666;1.0;1.0;1.0;0.0;0.0;1.0;1.0;1.0;0.1458876355434794;1.07150504472339
359;2021-02-18;0.37251471289963417;1.0;1.0;0.0;1.0;1.0;0.0;1.0;0.0;1.0;1.0;0.0;0.6666666666666666;1.0;1.0;1.0;0.0;0.0;1.0;1.0;1.0;0.1519058897728031;1.0498284376950535
360;2021-02-19;0.3660728487354859;1.0;1.0;0.0;1.0;1.0;0.0;1.0;0.0;1.0;1.0;0.0;0.6666666666666666;1.0;1.0;1.0;0.0;0.0;1.0;1.0;1.0;0.1582996395341233;1.0305880666243887
361;2021-02-20;0.3290122474948306;1.0;1.0;0.0;1.0;1.0;0.0;1.0;0.0;1.0;1.0;0.0;0.6666666666666666;1.0;1.0;1.0;0.0;0.0;1.0;1.0;1.0;0.16454079813861736;1.0147194033183966
362;2021-02-21;0.3267854302529028;1.0;1.0;0.0;1.0;1.0;0.0;1.0;0.0;1.0;1.0;0.0;0.6666666666666666;1.0;1.0;1.0;0.0;0.0;1.0;1.0;1.0;0.17078113724173208;1.003045205509421
363;2021-02-22;0.3363289327183076;1.0;1.0;0.0;1.0;1.0;0.0;1.0;0.0;1.0;1.0;0.0;0.6666666666666666;1.0;1.0;1.0;0.0;0.0;1.0;1.0;1.0;0.1769734535640197;0.9972482203154339
364;2021-02-23;0.3373628121520598;1.0;1.0;0.0;1.0;1.0;0.0;1.0;0.0;1.0;1.0;0.0;0.6666666666666666;1.0;1.0;1.0;0.0;0.0;1.0;1.0;1.0;0.1841304869100225;0.9976720941475485
365;2021-02-24;0.40170192460633053;1.0;1.0;0.0;1.0;1.0;0.0;1.0;0.0;1.0;1.0;0.0;0.6666666666666666;1.0;1.0;1.0;0.0;0.0;1.0;1.0;1.0;0.19241761265808385;1.0042459926764906
366;2021-02-25;0.3618578018132655;1.0;1.0;0.0;1.0;1.0;0.0;1.0;0.0;1.0;1.0;0.0;0.6666666666666666;1.0;1.0;1.0;0.0;0.0;1.0;1.0;1.0;0.2011700512893133;1.0154709829688513
367;2021-02-26;0.3743438842055034;1.0;1.0;0.0;1.0;1.0;0.0;1.0;0.0;1.0;1.0;0.0;0.6666666666666666;1.0;1.0;1.0;0.0;0.0;1.0;1.0;1.0;0.21066004116191528;1.0295266732000798
368;2021-02-27;0.3471449021790997;1.0;1.0;0.0;1.0;1.0;0.0;1.0;0.0;1.0;1.0;0.0;0.6666666666666666;1.0;1.0;1.0;0.0;0.0;1.0;1.0;1.0;0.2193303657549386;1.0450215826689677
369;2021-02-28;0.3717194210275171;1.0;1.0;0.0;1.0;1.0;0.0;1.0;0.0;1.0;1.0;0.0;0.6666666666666666;1.0;1.0;1.0;0.0;0.0;1.0;1.0;1.0;0.22736688798120916;1.0610881577553084
370;2021-03-01;0.38667090822331796;1.0;1.0;0.0;1.0;0.5;0.0;1.0;0.0;1.0;1.0;0.0;0.6666666666666666;1.0;1.0;1.0;0.0;0.0;1.0;1.0;1.0;0.2347886202727268;1.0782190627185508
371;2021-03-02;0.3933513599491013;1.0;1.0;0.0;1.0;0.5;0.0;1.0;0.0;1.0;1.0;0.0;0.6666666666666666;1.0;1.0;1.0;0.0;0.0;1.0;1.0;1.0;0.24239228187044962;1.09571867950756
372;2021-03-03;0.46604103706060124;1.0;1.0;0.0;1.0;0.5;0.0;1.0;0.0;1.0;0.5;0.0;0.6666666666666666;1.0;1.0;0.5;0.0;0.0;1.0;1.0;1.0;0.24971042918762337;1.112752193135077
373;2021-03-04;0.47773182758072213;1.0;1.0;0.0;1.0;0.5;0.0;1.0;0.0;1.0;0.5;0.0;0.6666666666666666;1.0;1.0;0.5;0.0;0.0;1.0;1.0;1.0;0.2569376118516945;1.1267842152870786
374;2021-03-05;0.48846826785430253;1.0;1.0;0.0;1.0;0.5;0.0;1.0;0.0;1.0;0.5;0.0;0.6666666666666666;1.0;1.0;0.5;0.0;0.0;1.0;1.0;1.0;0.26388059143742343;1.135351678566145
375;2021-03-06;0.4546683632893272;1.0;1.0;0.0;1.0;0.5;0.0;1.0;0.0;1.0;0.5;0.0;0.6666666666666666;1.0;1.0;0.5;0.0;0.0;1.0;1.0;1.0;0.27017173962605495;1.1371612782063096
376;2021-03-07;0.4681087959281056;1.0;1.0;0.0;1.0;0.5;0.0;1.0;0.0;1.0;0.5;0.0;0.6666666666666666;1.0;1.0;0.5;0.0;0.0;1.0;1.0;1.0;0.275807614511796;1.1322635189809163
377;2021-03-08;0.47351678065850167;1.0;1.0;0.0;1.0;0.5;0.0;1.0;0.0;1.0;0.5;0.0;0.6666666666666666;1.0;1.0;0.5;0.0;0.0;1.0;1.0;1.0;0.2825417851460786;1.1233614122500204
378;2021-03-09;0.4643709241291554;1.0;1.0;0.0;1.0;0.5;0.0;1.0;0.0;1.0;0.5;0.0;0.6666666666666666;1.0;1.0;0.5;0.0;0.0;1.0;1.0;1.0;0.28938527726436014;1.113004211058456
379;2021-03-10;0.5472403372037538;1.0;1.0;0.0;1.0;0.5;0.0;1.0;0.0;1.0;0.5;0.0;0.6666666666666666;1.0;1.0;0.5;0.0;0.0;1.0;1.0;1.0;0.29623614489505545;1.1041408466646159
380;2021-03-11;0.5660887545729283;1.0;1.0;0.0;1.0;0.5;0.0;1.0;0.0;1.0;0.5;0.0;0.6666666666666666;1.0;1.0;0.5;0.0;0.0;1.0;1.0;1.0;0.30307734240947504;1.0974882435388145
381;2021-03-12;0.5612374741530142;1.0;1.0;0.0;1.0;0.5;0.0;1.0;0.0;1.0;0.5;0.0;0.6666666666666666;1.0;1.0;0.5;0.0;0.0;1.0;1.0;1.0;0.3095600900205875;1.092599023437252
382;2021-03-13;0.5030221091140449;1.0;1.0;0.0;1.0;0.5;0.0;1.0;0.0;1.0;0.5;0.0;0.6666666666666666;1.0;1.0;0.5;0.0;0.0;1.0;1.0;1.0;0.3160582442576309;1.0886303428160564
383;2021-03-14;0.5250516939716876;1.0;1.0;0.0;1.0;0.5;0.0;1.0;0.0;1.0;0.5;0.0;0.6666666666666666;1.0;1.0;0.5;0.0;0.0;1.0;1.0;1.0;0.3225198487331574;1.0843804888198236
384;2021-03-15;0.552886909495785;1.0;1.0;0.0;1.0;0.5;0.0;1.0;0.0;1.0;0.5;0.0;0.6666666666666666;1.0;1.0;0.5;0.0;0.0;1.0;1.0;1.0;0.32750618682566307;1.0801976626596748
385;2021-03-16;0.5540798473039605;1.0;1.0;0.0;1.0;0.5;0.0;1.0;0.0;1.0;0.5;0.0;0.6666666666666666;1.0;1.0;0.5;0.0;0.0;1.0;1.0;1.0;0.33252546887361667;1.0758396831742074
386;2021-03-17;0.6281215205980595;1.0;1.0;0.0;1.0;0.5;0.0;1.0;0.0;1.0;0.5;0.0;0.6666666666666666;1.0;1.0;0.5;0.0;0.0;1.0;1.0;1.0;0.3375811367828113;1.0712625016105788
387;2021-03-18;0.6256561157944965;1.0;1.0;0.0;1.0;0.5;0.0;1.0;0.0;1.0;0.5;0.0;0.6666666666666666;1.0;1.0;0.5;0.0;0.0;1.0;1.0;1.0;0.3426184478611096;1.0649295608448848
388;2021-03-19;0.6270876411643073;1.0;1.0;0.0;1.0;0.5;0.0;1.0;0.0;1.0;0.5;0.0;0.6666666666666666;1.0;1.0;0.5;0.0;0.0;1.0;1.0;1.0;0.3476006884467187;1.055403158351168
389;2021-03-20;0.5610784157785907;1.0;1.0;0.0;1.0;0.5;0.0;1.0;0.0;1.0;0.5;0.0;0.6666666666666666;1.0;1.0;0.5;0.0;0.0;1.0;1.0;1.0;0.35258210953094854;1.0420752886352436
390;2021-03-21;0.5534436138062669;1.0;1.0;0.0;1.0;0.5;0.0;1.0;0.0;1.0;0.5;0.0;0.6666666666666666;1.0;1.0;0.5;0.0;0.0;1.0;1.0;1.0;0.35756320281462667;1.0251116049109126
391;2021-03-22;0.5370606012406554;1.0;1.0;0.0;1.0;0.5;0.0;1.0;0.0;1.0;0.5;0.0;0.6666666666666666;1.0;1.0;0.5;0.0;0.0;1.0;1.0;1.0;0.36253724838644275;1.0072384987851632
392;2021-03-23;0.5243359312867822;1.0;1.0;0.0;1.0;0.5;0.0;1.0;0.0;1.0;0.5;0.0;0.6666666666666666;1.0;1.0;0.5;0.0;0.0;1.0;1.0;1.0;0.36810674366046026;0.9908725218189776
393;2021-03-24;0.6126133290917767;1.0;1.0;0.0;1.0;0.5;0.0;1.0;0.0;1.0;0.5;0.0;0.6666666666666666;1.0;1.0;0.5;0.0;0.0;1.0;1.0;1.0;0.37564713975170094;0.9782012923183374
394;2021-03-25;0.5666454588834102;1.0;1.0;0.0;1.0;0.5;0.0;1.0;0.0;1.0;0.5;0.0;0.6666666666666666;1.0;1.0;0.5;0.0;0.0;1.0;1.0;1.0;0.38317737402583824;0.9700858849520795
395;2021-03-26;0.5633052330205185;1.0;1.0;0.0;1.0;0.5;0.0;1.0;0.0;1.0;0.5;0.0;0.6666666666666666;1.0;1.0;0.5;0.0;0.0;1.0;1.0;1.0;0.39099918689073143;0.9661952142859743
396;2021-03-27;0.5147128996341658;1.0;1.0;0.0;1.0;0.5;0.0;1.0;0.0;1.0;0.5;0.0;0.6666666666666666;1.0;1.0;0.5;0.0;0.0;1.0;1.0;1.0;0.3986543131750745;0.9660850141333776
397;2021-03-28;0.5015905837442342;1.0;1.0;0.0;1.0;0.5;0.0;1.0;0.0;1.0;0.5;0.0;0.6666666666666666;1.0;1.0;0.5;0.0;0.0;1.0;1.0;1.0;0.4063087838583141;0.9694922654767512
398;2021-03-29;0.5099411484014633;1.0;1.0;0.0;1.0;0.5;0.0;1.0;0.0;1.0;0.5;0.0;0.6666666666666666;1.0;1.0;0.5;0.0;0.0;1.0;1.0;1.0;0.4166163083069085;0.977003411218697
399;2021-03-30;0.5081915062828057;1.0;1.0;0.0;1.0;0.5;0.0;1.0;0.0;1.0;0.5;0.0;0.6666666666666666;1.0;1.0;0.5;0.0;0.0;1.0;1.0;1.0;0.4275628799310832;0.9888277748803583
400;2021-03-31;0.5582153650389693;1.0;1.0;0.0;1.0;0.5;0.0;1.0;0.0;1.0;0.5;0.0;0.6666666666666666;1.0;1.0;0.5;0.0;0.0;1.0;1.0;1.0;0.4394400773215941;1.0046706949664759
401;2021-04-01;0.62255447749324;1.0;1.0;0.0;1.0;0.5;0.0;1.0;0.0;1.0;0.5;0.0;0.6666666666666666;1.0;1.0;0.5;0.0;0.0;1.0;1.0;1.0;0.45128908386465705;1.022225052178471
402;2021-04-02;0.619055193255925;1.0;1.0;0.0;1.0;0.5;0.0;1.0;0.0;1.0;0.5;0.0;0.6666666666666666;1.0;1.0;0.5;0.0;0.0;1.0;1.0;1.0;0.46350162121957866;1.0384681062378966
403;2021-04-03;0.5826308255129633;1.0;1.0;0.0;1.0;0.5;0.0;1.0;0.0;1.0;0.5;0.0;0.6666666666666666;1.0;1.0;0.5;0.0;0.0;1.0;1.0;1.0;0.471773504241985;1.0503318894764564
404;2021-04-04;0.5703833306823605;1.0;1.0;0.0;1.0;0.5;0.0;1.0;0.0;1.0;0.5;0.0;0.6666666666666666;1.0;1.0;0.5;0.0;0.0;1.0;1.0;1.0;0.4797833107232903;1.0558247070205706
405;2021-04-05;0.5711786225544775;1.0;1.0;0.0;1.0;0.5;0.0;1.0;0.0;1.0;0.5;0.0;0.6666666666666666;1.0;1.0;0.5;0.0;0.0;1.0;1.0;1.0;0.48867735919286326;1.0558853344247352
406;2021-04-06;0.5512963257515509;1.0;1.0;0.0;1.0;0.5;0.0;1.0;0.0;1.0;0.5;0.0;0.6666666666666666;1.0;1.0;0.5;0.0;0.0;1.0;1.0;1.0;0.5021152150101184;1.052348821810081
407;2021-04-07;0.6315412756481629;1.0;1.0;0.0;1.0;0.5;0.0;1.0;0.0;1.0;0.5;0.0;0.6666666666666666;1.0;1.0;0.5;0.0;0.0;1.0;1.0;1.0;0.5173517124546673;1.0483975124671434
408;2021-04-08;0.6460155877206935;1.0;1.0;0.0;1.0;0.5;0.0;1.0;0.0;1.0;0.5;0.0;0.6666666666666666;1.0;1.0;0.5;0.0;0.0;1.0;1.0;1.0;0.5339043291143764;1.0458450779756419
409;2021-04-09;0.6515031016383013;1.0;1.0;0.0;1.0;0.5;0.0;1.0;0.0;1.0;0.5;0.0;0.6666666666666666;1.0;1.0;0.5;0.0;0.0;1.0;1.0;1.0;0.5513074243055258;1.0449251994131492
410;2021-04-10;0.5999681883251153;1.0;1.0;0.0;1.0;0.5;0.0;1.0;0.0;1.0;0.5;0.0;0.6666666666666666;1.0;1.0;0.5;0.0;0.0;1.0;1.0;1.0;0.5678780699955797;1.0450882131744363
411;2021-04-11;0.6056942898043582;1.0;1.0;0.0;1.0;0.5;0.0;1.0;0.0;1.0;0.5;0.0;0.6666666666666666;1.0;1.0;0.5;0.0;0.0;1.0;1.0;1.0;0.5842520353546007;1.0445185014347211
412;2021-04-12;0.6254175282328615;1.0;1.0;0.0;1.0;0.5;0.0;1.0;0.0;1.0;0.5;0.0;0.6666666666666666;1.0;1.0;0.5;0.0;0.0;1.0;1.0;1.0;0.6036189836511113;1.0424760981798402
413;2021-04-13;0.63559726419596;1.0;1.0;0.0;1.0;0.5;0.0;1.0;0.0;1.0;0.5;0.0;0.6666666666666666;1.0;1.0;0.5;0.0;0.0;1.0;1.0;1.0;0.6229683946181049;1.0380571706826387
414;2021-04-14;0.7297598218546206;1.0;1.0;0.0;1.0;0.5;0.0;1.0;0.0;1.0;0.5;0.0;0.6666666666666666;1.0;1.0;0.5;0.0;0.0;1.0;1.0;1.0;0.6422507703722716;1.0304363283122735
415;2021-04-15;0.6724192778749801;1.0;1.0;0.0;1.0;0.5;0.0;1.0;0.0;1.0;0.5;0.0;0.6666666666666666;1.0;1.0;0.5;0.0;0.0;1.0;1.0;1.0;0.6610655386394081;1.0188058116454148
416;2021-04-16;0.6445045331636711;1.0;1.0;0.0;1.0;0.5;0.0;1.0;0.0;1.0;0.5;0.0;0.6666666666666666;1.0;1.0;0.5;0.0;0.0;1.0;1.0;1.0;0.6794256475413074;1.0032823480425437
417;2021-04-17;0.5699061555590902;1.0;1.0;0.0;1.0;0.5;0.0;1.0;0.0;1.0;0.5;0.0;0.6666666666666666;1.0;1.0;0.5;0.0;0.0;1.0;1.0;1.0;0.6970614811241789;0.9851952412741163
418;2021-04-18;0.5510577381899157;1.0;1.0;0.0;1.0;0.5;0.0;1.0;0.0;1.0;0.5;0.0;0.6666666666666666;1.0;1.0;0.5;0.0;0.0;1.0;1.0;1.0;0.7143405038065019;0.9672099335832038
419;2021-04-19;0.5568633688563703;1.0;1.0;0.0;1.0;0.5;0.0;1.0;0.0;1.0;0.5;0.0;0.6666666666666666;1.0;1.0;0.5;0.0;0.0;1.0;1.0;1.0;0.731845217168685;0.9534796726696586
420;2021-04-20;0.5361857801813266;1.0;1.0;0.0;1.0;0.5;0.0;1.0;0.0;1.0;0.5;0.0;0.6666666666666666;1.0;1.0;0.5;0.0;0.0;1.0;1.0;1.0;0.7486833481089432;0.9465869350574314
421;2021-04-21;0.5859710513758549;1.0;1.0;0.0;1.0;0.5;0.0;1.0;0.0;1.0;0.5;0.0;0.6666666666666666;1.0;1.0;0.5;0.0;0.0;1.0;1.0;1.0;0.7637136590064595;0.9480552486011175
422;2021-04-22;0.5763480197232385;1.0;1.0;0.0;1.0;0.5;0.0;1.0;0.0;1.0;0.5;0.0;0.6666666666666666;1.0;1.0;0.5;0.0;0.0;1.0;1.0;1.0;0.7774793153754357;0.9560866265820326
423;2021-04-23;0.6593764911722603;1.0;1.0;0.0;1.0;0.5;0.0;1.0;0.0;1.0;0.5;0.0;0.6666666666666666;1.0;1.0;0.5;0.0;0.0;1.0;1.0;1.0;0.7910866440779306;0.9671465942847802
424;2021-04-24;0.5678383966915859;1.0;1.0;0.0;1.0;0.5;0.0;1.0;0.0;1.0;0.5;0.0;0.6666666666666666;1.0;1.0;0.5;0.0;0.0;1.0;1.0;1.0;0.8046872528691154;0.9771669867878835
425;2021-04-25;0.5683951010020678;1.0;1.0;0.0;1.0;0.5;0.0;1.0;0.0;1.0;0.5;0.0;0.6666666666666666;1.0;1.0;0.5;0.0;0.0;1.0;1.0;1.0;0.8182516396993348;0.982310702178871
426;2021-04-26;0.5423890567838396;1.0;1.0;0.0;1.0;0.5;0.0;1.0;0.0;1.0;0.5;0.0;0.6666666666666666;1.0;1.0;0.5;0.0;0.0;1.0;1.0;1.0;0.8333188281589197;0.981546137559342
427;2021-04-27;0.5210752346111023;1.0;1.0;0.0;1.0;0.5;0.0;1.0;0.0;1.0;0.5;0.0;0.6666666666666666;1.0;1.0;0.5;0.0;0.0;1.0;1.0;1.0;0.8483494668569876;0.9747943876472555
428;2021-04-28;0.5863686973119134;1.0;1.0;0.0;1.0;0.5;0.0;1.0;0.0;1.0;0.5;0.0;0.6666666666666666;1.0;1.0;0.5;0.0;0.0;1.0;0.75;1.0;0.8630759066430584;0.964072730451144
429;2021-04-29;0.5580563066645459;1.0;1.0;0.0;1.0;0.5;0.0;1.0;0.0;1.0;0.5;0.0;0.6666666666666666;1.0;1.0;0.5;0.0;0.0;1.0;0.75;1.0;0.8786369266338112;0.9510628784417283
430;2021-04-30;0.5512963257515509;1.0;1.0;0.0;1.0;0.5;0.0;1.0;0.0;1.0;0.5;0.0;0.6666666666666666;1.0;1.0;0.5;0.0;0.0;1.0;0.75;1.0;0.8941332060155991;0.9368597545518405
431;2021-05-01;0.47089231748051535;1.0;1.0;0.0;1.0;0.5;0.0;1.0;0.0;1.0;0.5;0.0;0.6666666666666666;1.0;1.0;0.5;0.0;0.0;1.0;0.75;1.0;0.9108990569342027;0.9222657569235138
432;2021-05-02;0.45753141402894865;1.0;1.0;0.0;1.0;0.5;0.0;1.0;0.0;1.0;0.5;0.0;0.6666666666666666;1.0;1.0;0.5;0.0;0.0;1.0;0.75;1.0;0.9262071787993026;0.9074078655180731
433;2021-05-03;0.4545888341021155;1.0;1.0;0.0;1.0;0.5;0.0;1.0;0.0;1.0;0.5;0.0;0.6666666666666666;1.0;1.0;0.5;0.0;0.0;1.0;0.75;1.0;0.9436936992308652;0.8932378953378078
434;2021-05-04;0.4243677429616669;1.0;1.0;0.0;1.0;0.5;0.0;1.0;0.0;1.0;0.5;0.0;0.6666666666666666;1.0;1.0;0.5;0.0;0.0;1.0;0.75;1.0;0.960528716065882;0.8803686137205674
435;2021-05-05;0.47208525528869094;1.0;1.0;0.0;1.0;0.5;0.0;1.0;0.0;1.0;0.5;0.0;0.6666666666666666;1.0;1.0;0.5;0.0;0.0;1.0;0.75;1.0;0.9802344462325965;0.869616316889926
436;2021-05-06;0.4266740893908064;1.0;1.0;0.0;1.0;0.5;0.0;1.0;0.0;1.0;0.5;0.0;0.6666666666666666;1.0;1.0;0.5;0.0;0.0;1.0;0.75;1.0;1.0;0.8605120071801092
