;Date;No_cases;Rolling_R;Workplace;Events;Daycare;Higher Education;Secondary Education;Primary Education;Restaurants/Cafes;Transport;Entertainment;Sports;Indoor;Masks;MassGather50;MassGatherAll;Shops;Outdoor;Religion;Gatherings;Stayhome;Telework;Prikken
0;2020-02-25;135;3.1354781198983;0.0;0.0;0.0;0.0;0.0;0.0;0.0;0.0;0.0;0.0;0.0;0.0;0.0;0.0;0.0;0.0;0.0;0.0;0.0;0.0;0.0
1;2020-02-26;142;2.9148539342815845;0.0;0.0;0.0;0.0;0.0;0.0;0.0;0.0;0.0;0.0;0.0;0.0;0.0;0.0;0.0;0.0;0.0;0.0;0.0;0.0;0.0
2;2020-02-27;130;2.665936623349802;0.0;0.0;0.0;0.0;0.0;0.0;0.0;0.0;0.0;0.0;0.0;0.0;0.0;0.0;0.0;0.0;0.0;0.0;0.0;0.0;0.0
3;2020-02-28;140;2.4226094560292406;0.0;0.0;0.0;0.0;0.0;0.0;0.0;0.0;0.0;0.0;0.0;0.0;0.0;0.0;0.0;0.0;0.0;0.0;0.0;0.0;0.0
4;2020-02-29;167;2.213713763000137;0.0;0.0;0.0;0.0;0.0;0.0;0.0;0.0;0.0;0.0;0.0;0.0;0.0;0.0;0.0;0.0;0.0;0.0;0.0;0.0;0.0
5;2020-03-01;206;2.0560880008081;0.0;0.0;0.0;0.0;0.0;0.0;0.0;0.0;0.0;0.0;0.0;0.0;0.0;0.0;0.0;0.0;0.0;0.0;0.0;0.0;0.0
6;2020-03-02;250;1.9627782876126583;0.0;0.0;0.0;0.0;0.0;0.0;0.0;0.0;0.0;0.0;0.0;0.0;0.0;0.0;0.0;0.0;0.0;0.0;0.0;0.0;0.0
7;2020-03-03;255;1.923544670727594;0.0;0.0;0.0;0.0;0.0;0.0;0.0;0.0;0.0;0.0;0.0;0.0;0.0;0.0;0.0;0.0;0.0;0.0;0.0;0.0;0.0
8;2020-03-04;447;1.918885216220711;0.0;0.0;0.0;0.0;0.0;0.0;0.0;0.0;0.0;0.0;0.0;0.0;0.0;0.0;0.0;0.0;0.0;0.0;0.0;0.0;0.0
9;2020-03-05;434;1.9290426471000666;0.0;0.0;0.0;0.0;0.0;0.0;0.0;0.0;0.0;0.0;0.0;0.0;0.0;0.0;0.0;0.0;0.0;0.0;0.0;0.0;0.0
10;2020-03-06;524;1.9310052929082162;0.0;0.0;0.0;0.0;0.0;0.0;0.0;0.0;0.0;0.0;0.0;0.0;0.0;0.0;0.0;0.0;0.0;0.0;0.0;0.0;0.0
11;2020-03-07;573;1.911247987764808;0.0;0.0;0.0;0.0;0.0;0.0;0.0;0.0;0.0;0.0;0.0;0.0;0.0;0.0;0.0;0.0;0.0;0.0;0.0;0.0;0.0
12;2020-03-08;672;1.866855134101976;0.0;0.0;0.0;0.0;0.0;0.0;0.0;0.0;0.0;0.0;0.0;0.0;0.0;0.0;0.0;0.0;0.0;0.0;0.0;0.0;0.0
13;2020-03-09;700;1.7988497090474402;0.0;0.0;0.0;0.0;0.0;0.0;0.0;0.0;0.0;0.0;0.0;0.0;0.0;0.0;0.0;0.0;0.0;0.0;0.0;0.0;0.0
14;2020-03-10;783;1.7130623308511266;0.0;0.0;0.0;0.0;0.0;0.0;0.0;0.0;0.0;0.0;0.0;0.0;0.0;0.0;0.0;0.0;0.0;0.0;0.0;0.0;0.0
15;2020-03-11;1084;1.618476406182622;0.0;0.0;0.0;0.0;0.0;0.0;0.0;0.0;0.0;0.0;0.0;0.0;0.0;0.0;0.0;0.0;0.0;0.0;0.0;0.0;0.0
16;2020-03-12;838;1.5196878190404668;0.0;0.0;0.0;2.0;0.0;0.0;1.0;1.0;2.0;0.0;1.0;0.0;0.0;2.0;0.0;2.0;0.0;0.0;0.0;2.0;0.0
17;2020-03-13;883;1.423600678035967;0.0;0.0;0.0;2.0;0.0;0.0;1.0;1.0;2.0;0.0;1.0;0.0;0.0;2.0;0.0;2.0;0.0;0.0;1.0;2.0;0.0
18;2020-03-14;836;1.335500568033565;0.0;0.0;0.0;2.0;0.0;0.0;1.0;1.0;2.0;0.0;1.0;0.0;0.0;2.0;0.0;2.0;0.0;0.0;1.0;2.0;0.0
19;2020-03-15;1002;1.2577785002938517;0.0;0.0;0.0;2.0;0.0;0.0;2.0;1.0;2.0;0.0;1.0;0.0;0.0;2.0;0.0;2.0;0.0;0.0;1.0;2.0;0.0
20;2020-03-16;915;1.1955550153072714;0.0;0.0;2.0;2.0;2.0;2.0;2.0;1.0;2.0;2.0;1.0;0.0;0.0;2.0;0.0;2.0;2.0;0.0;1.0;2.0;0.0
21;2020-03-17;828;1.1472630512864235;0.0;0.0;2.0;2.0;2.0;2.0;2.0;1.0;2.0;2.0;1.0;0.0;0.0;2.0;0.0;2.0;2.0;0.0;1.0;2.0;0.0
22;2020-03-18;1240;1.1116206090063028;0.0;0.0;2.0;2.0;2.0;2.0;2.0;1.0;2.0;2.0;1.0;0.0;0.0;2.0;0.0;2.0;2.0;0.0;3.0;2.0;0.0
23;2020-03-19;1007;1.0839905934510272;0.0;0.0;2.0;2.0;2.0;2.0;2.0;1.0;2.0;2.0;1.0;0.0;0.0;2.0;0.0;2.0;2.0;0.0;3.0;2.0;0.0
24;2020-03-20;1004;1.0612429464876127;0.0;0.0;2.0;2.0;2.0;2.0;2.0;1.0;2.0;2.0;1.0;0.0;0.0;2.0;0.0;2.0;2.0;0.0;3.0;2.0;0.0
25;2020-03-21;858;1.041415576697627;0.0;0.0;2.0;2.0;2.0;2.0;2.0;1.0;2.0;2.0;1.0;0.0;0.0;2.0;0.0;2.0;2.0;0.0;3.0;2.0;0.0
26;2020-03-22;1014;1.0235846985402317;0.0;0.0;2.0;2.0;2.0;2.0;2.0;1.0;2.0;2.0;1.0;0.0;0.0;2.0;0.0;2.0;2.0;0.0;3.0;2.0;0.0
27;2020-03-23;892;1.01122536070937;2.0;2.0;2.0;2.0;2.0;2.0;2.0;1.0;2.0;2.0;0.0;0.0;2.0;2.0;0.0;0.0;2.0;2.0;3.0;2.0;0.0
28;2020-03-24;811;1.0049194236475556;2.0;2.0;2.0;2.0;2.0;2.0;2.0;1.0;2.0;2.0;0.0;0.0;2.0;2.0;0.0;0.0;2.0;2.0;3.0;2.0;0.0
29;2020-03-25;1119;1.0066571303707663;2.0;2.0;2.0;2.0;2.0;2.0;2.0;1.0;2.0;2.0;0.0;0.0;2.0;2.0;0.0;0.0;2.0;2.0;3.0;2.0;0.0
30;2020-03-26;917;1.0145721109943977;2.0;2.0;2.0;2.0;2.0;2.0;2.0;1.0;2.0;2.0;0.0;0.0;2.0;2.0;0.0;0.0;2.0;2.0;3.0;2.0;0.0
31;2020-03-27;1132;1.0254911633135593;2.0;2.0;2.0;2.0;2.0;2.0;2.0;1.0;2.0;2.0;0.0;0.0;2.0;2.0;0.0;0.0;2.0;2.0;3.0;2.0;0.0
32;2020-03-28;1056;1.035467690231444;2.0;2.0;2.0;2.0;2.0;2.0;2.0;1.0;2.0;2.0;0.0;0.0;2.0;2.0;0.0;0.0;2.0;2.0;3.0;2.0;0.0
33;2020-03-29;1016;1.0397667849376926;2.0;2.0;2.0;2.0;2.0;2.0;2.0;1.0;2.0;2.0;0.0;0.0;2.0;2.0;0.0;0.0;2.0;2.0;3.0;2.0;0.0
34;2020-03-30;989;1.0375994384550857;2.0;2.0;2.0;2.0;2.0;2.0;2.0;1.0;2.0;2.0;0.0;0.0;2.0;2.0;0.0;0.0;2.0;2.0;3.0;2.0;0.0
35;2020-03-31;909;1.0278548486881758;2.0;2.0;2.0;2.0;2.0;2.0;2.0;1.0;2.0;2.0;0.0;0.0;2.0;2.0;0.0;0.0;2.0;2.0;3.0;2.0;0.0
36;2020-04-01;1238;1.0123083460057891;2.0;2.0;2.0;2.0;2.0;2.0;2.0;1.0;2.0;2.0;0.0;0.0;2.0;2.0;0.0;0.0;2.0;2.0;3.0;2.0;0.0
37;2020-04-02;969;0.9921580022518675;2.0;2.0;2.0;2.0;2.0;2.0;2.0;1.0;2.0;2.0;0.0;0.0;2.0;2.0;0.0;0.0;2.0;2.0;3.0;2.0;0.0
38;2020-04-03;997;0.9693647190059703;2.0;2.0;2.0;2.0;2.0;2.0;2.0;1.0;2.0;2.0;0.0;0.0;2.0;2.0;0.0;0.0;2.0;2.0;3.0;2.0;0.0
39;2020-04-04;878;0.9451430545013444;2.0;2.0;2.0;2.0;2.0;2.0;2.0;1.0;2.0;2.0;0.0;0.0;2.0;2.0;0.0;0.0;2.0;2.0;3.0;2.0;0.0
40;2020-04-05;944;0.9207210258113018;2.0;2.0;2.0;2.0;2.0;2.0;2.0;1.0;2.0;2.0;0.0;0.0;2.0;2.0;0.0;0.0;2.0;2.0;3.0;2.0;0.0
41;2020-04-06;744;0.899097652407493;2.0;2.0;2.0;2.0;2.0;2.0;2.0;1.0;2.0;2.0;0.0;0.0;2.0;2.0;0.0;0.0;2.0;2.0;3.0;2.0;0.0
42;2020-04-07;735;0.8805770315402995;2.0;2.0;2.0;2.0;2.0;2.0;2.0;1.0;2.0;2.0;0.0;0.0;2.0;2.0;0.0;0.0;2.0;2.0;3.0;2.0;0.0
43;2020-04-08;830;0.8673581017444872;2.0;2.0;2.0;2.0;2.0;2.0;2.0;1.0;2.0;2.0;0.0;0.0;2.0;2.0;0.0;0.0;2.0;2.0;3.0;2.0;0.0
44;2020-04-09;821;0.8579760341467245;2.0;2.0;2.0;2.0;2.0;2.0;2.0;1.0;2.0;2.0;0.0;0.0;2.0;2.0;0.0;0.0;2.0;2.0;3.0;2.0;0.0
45;2020-04-10;764;0.8505953878508142;2.0;2.0;2.0;2.0;2.0;2.0;2.0;1.0;2.0;2.0;0.0;0.0;2.0;2.0;0.0;0.0;2.0;2.0;3.0;2.0;0.0
46;2020-04-11;649;0.8434932124766903;2.0;2.0;2.0;2.0;2.0;2.0;2.0;1.0;2.0;2.0;0.0;0.0;2.0;2.0;0.0;0.0;2.0;2.0;3.0;2.0;0.0
47;2020-04-12;626;0.8338761423027933;2.0;2.0;2.0;2.0;2.0;2.0;2.0;1.0;2.0;2.0;0.0;0.0;2.0;2.0;0.0;0.0;2.0;2.0;3.0;2.0;0.0
48;2020-04-13;572;0.8224551171524365;2.0;2.0;2.0;2.0;2.0;2.0;2.0;1.0;2.0;2.0;0.0;0.0;2.0;2.0;0.0;0.0;2.0;2.0;3.0;2.0;0.0
49;2020-04-14;489;0.8092539662987048;2.0;2.0;2.0;2.0;2.0;2.0;2.0;1.0;2.0;2.0;0.0;0.0;2.0;2.0;0.0;0.0;2.0;2.0;3.0;2.0;0.0
50;2020-04-15;666;0.7956870178781495;2.0;2.0;2.0;2.0;2.0;2.0;2.0;1.0;2.0;2.0;0.0;0.0;2.0;2.0;0.0;0.0;2.0;2.0;3.0;2.0;0.0
51;2020-04-16;484;0.7826798431700231;2.0;2.0;2.0;2.0;2.0;2.0;2.0;1.0;2.0;2.0;0.0;0.0;2.0;2.0;0.0;0.0;2.0;2.0;3.0;2.0;0.0
52;2020-04-17;424;0.7708491056864109;2.0;2.0;2.0;2.0;2.0;2.0;2.0;1.0;2.0;2.0;0.0;0.0;2.0;2.0;0.0;0.0;2.0;2.0;3.0;2.0;0.0
53;2020-04-18;379;0.761235074724973;2.0;2.0;2.0;2.0;2.0;2.0;2.0;1.0;2.0;2.0;0.0;0.0;2.0;2.0;0.0;0.0;2.0;2.0;3.0;2.0;0.0
54;2020-04-19;399;0.7547168031376644;2.0;2.0;2.0;2.0;2.0;2.0;2.0;1.0;2.0;2.0;0.0;0.0;2.0;2.0;0.0;0.0;2.0;2.0;3.0;2.0;0.0
55;2020-04-20;326;0.7531253583426382;2.0;2.0;2.0;2.0;2.0;2.0;2.0;1.0;2.0;2.0;0.0;0.0;2.0;2.0;0.0;0.0;2.0;2.0;3.0;2.0;0.0
56;2020-04-21;276;0.7574169730018426;2.0;2.0;2.0;2.0;2.0;2.0;2.0;1.0;2.0;2.0;0.0;0.0;2.0;2.0;0.0;0.0;2.0;2.0;3.0;2.0;0.0
57;2020-04-22;370;0.7678695993526763;2.0;2.0;2.0;2.0;2.0;2.0;2.0;1.0;2.0;2.0;0.0;0.0;2.0;2.0;0.0;0.0;2.0;2.0;3.0;2.0;0.0
58;2020-04-23;346;0.7816473829493772;2.0;2.0;2.0;2.0;2.0;2.0;2.0;1.0;2.0;2.0;0.0;0.0;2.0;2.0;0.0;0.0;2.0;2.0;3.0;2.0;0.0
59;2020-04-24;295;0.796657848010135;2.0;2.0;2.0;2.0;2.0;2.0;2.0;1.0;2.0;2.0;0.0;0.0;2.0;2.0;0.0;0.0;2.0;2.0;3.0;2.0;0.0
60;2020-04-25;249;0.8097165288951274;2.0;2.0;2.0;2.0;2.0;2.0;2.0;1.0;2.0;2.0;0.0;0.0;2.0;2.0;0.0;0.0;2.0;2.0;3.0;2.0;0.0
61;2020-04-26;294;0.8181398239897402;2.0;2.0;2.0;2.0;2.0;2.0;2.0;1.0;2.0;2.0;0.0;0.0;2.0;2.0;0.0;0.0;2.0;2.0;3.0;2.0;0.0
62;2020-04-27;233;0.8233117631711624;2.0;2.0;2.0;2.0;2.0;2.0;2.0;1.0;2.0;2.0;0.0;0.0;2.0;2.0;0.0;0.0;2.0;2.0;3.0;2.0;0.0
63;2020-04-28;240;0.8250111611014664;2.0;2.0;2.0;2.0;2.0;2.0;2.0;1.0;2.0;2.0;0.0;0.0;2.0;2.0;0.0;0.0;2.0;2.0;3.0;2.0;0.0
64;2020-04-29;270;0.8256129071228673;2.0;2.0;2.0;2.0;2.0;2.0;2.0;1.0;2.0;1.0;0.0;0.0;2.0;2.0;0.0;0.0;2.0;2.0;3.0;2.0;0.0
65;2020-04-30;192;0.8267500837176783;2.0;2.0;2.0;2.0;2.0;2.0;2.0;1.0;2.0;1.0;0.0;0.0;2.0;2.0;0.0;0.0;2.0;2.0;3.0;2.0;0.0
66;2020-05-01;220;0.82911621242865;2.0;2.0;2.0;2.0;2.0;2.0;2.0;1.0;2.0;1.0;0.0;0.0;2.0;2.0;0.0;0.0;2.0;2.0;3.0;2.0;0.0
67;2020-05-02;196;0.8338090634584135;2.0;2.0;2.0;2.0;2.0;2.0;2.0;1.0;2.0;1.0;0.0;0.0;2.0;2.0;0.0;0.0;2.0;2.0;3.0;2.0;0.0
68;2020-05-03;184;0.8402307601946385;2.0;2.0;2.0;2.0;2.0;2.0;2.0;1.0;2.0;1.0;0.0;0.0;2.0;2.0;0.0;0.0;2.0;2.0;3.0;2.0;0.0
69;2020-05-04;188;0.848830137426698;2.0;2.0;2.0;2.0;2.0;2.0;2.0;1.0;2.0;1.0;0.0;0.0;2.0;2.0;0.0;0.0;2.0;2.0;3.0;2.0;0.0
70;2020-05-05;176;0.8587078082507956;2.0;2.0;2.0;2.0;2.0;2.0;2.0;1.0;2.0;1.0;0.0;0.0;2.0;2.0;0.0;0.0;2.0;2.0;3.0;2.0;0.0
71;2020-05-06;233;0.8690690127075431;2.0;2.0;2.0;2.0;2.0;2.0;2.0;1.0;2.0;1.0;0.0;0.0;2.0;2.0;0.0;0.0;2.0;2.0;3.0;2.0;0.0
72;2020-05-07;167;0.8788001886350976;2.0;2.0;2.0;2.0;2.0;2.0;2.0;1.0;2.0;1.0;0.0;0.0;2.0;2.0;0.0;0.0;2.0;2.0;3.0;2.0;0.0
73;2020-05-08;162;0.8892764543965893;2.0;2.0;2.0;2.0;2.0;2.0;2.0;1.0;2.0;1.0;0.0;0.0;2.0;2.0;0.0;0.0;2.0;2.0;3.0;2.0;0.0
74;2020-05-09;128;0.9020497720291583;2.0;2.0;2.0;2.0;2.0;2.0;2.0;1.0;2.0;1.0;0.0;0.0;2.0;2.0;0.0;0.0;2.0;2.0;3.0;2.0;0.0
75;2020-05-10;167;0.9195055129942321;2.0;2.0;2.0;2.0;2.0;2.0;2.0;1.0;2.0;1.0;0.0;0.0;2.0;2.0;0.0;0.0;2.0;2.0;3.0;2.0;0.0
76;2020-05-11;145;0.9449748289244077;2.0;2.0;0.0;2.0;2.0;1.0;2.0;1.0;2.0;1.0;0.0;0.0;2.0;2.0;0.0;0.0;2.0;2.0;2.0;2.0;0.0
77;2020-05-12;197;0.9759902803858596;2.0;2.0;0.0;2.0;2.0;1.0;2.0;1.0;2.0;1.0;0.0;0.0;2.0;2.0;0.0;0.0;2.0;2.0;2.0;2.0;0.0
78;2020-05-13;207;1.0087045040056803;2.0;2.0;0.0;2.0;2.0;1.0;2.0;1.0;2.0;1.0;0.0;0.0;2.0;2.0;0.0;0.0;2.0;2.0;2.0;2.0;0.0
79;2020-05-14;163;1.0362100814561948;2.0;2.0;0.0;2.0;2.0;1.0;2.0;1.0;2.0;1.0;0.0;0.0;2.0;2.0;0.0;0.0;2.0;2.0;2.0;2.0;0.0
80;2020-05-15;190;1.051522320146169;2.0;2.0;0.0;2.0;2.0;1.0;2.0;1.0;2.0;1.0;0.0;0.0;2.0;2.0;0.0;0.0;2.0;2.0;2.0;2.0;0.0
81;2020-05-16;243;1.0515527707924415;2.0;2.0;0.0;2.0;2.0;1.0;2.0;1.0;2.0;1.0;0.0;0.0;2.0;2.0;0.0;0.0;2.0;2.0;2.0;2.0;0.0
82;2020-05-17;165;1.036020211366273;2.0;2.0;0.0;2.0;2.0;1.0;2.0;1.0;2.0;1.0;0.0;0.0;2.0;2.0;0.0;0.0;2.0;2.0;2.0;2.0;0.0
83;2020-05-18;146;1.0099937751936612;2.0;2.0;0.0;2.0;2.0;1.0;2.0;1.0;2.0;1.0;0.0;0.0;2.0;2.0;0.0;0.0;2.0;2.0;2.0;2.0;0.0
84;2020-05-19;122;0.9800359697880519;2.0;2.0;0.0;2.0;2.0;1.0;2.0;1.0;2.0;1.0;0.0;0.0;2.0;2.0;0.0;0.0;2.0;2.0;2.0;2.0;0.0
85;2020-05-20;195;0.9531692206976339;2.0;2.0;0.0;2.0;2.0;1.0;2.0;1.0;2.0;1.0;0.0;0.0;2.0;2.0;0.0;0.0;2.0;2.0;2.0;2.0;0.0
86;2020-05-21;177;0.9343436297157621;2.0;2.0;0.0;2.0;2.0;1.0;2.0;1.0;2.0;1.0;0.0;0.0;2.0;2.0;0.0;0.0;2.0;2.0;2.0;2.0;0.0
87;2020-05-22;157;0.9251313214956298;2.0;2.0;0.0;2.0;2.0;1.0;2.0;1.0;2.0;1.0;0.0;0.0;2.0;2.0;0.0;0.0;2.0;2.0;2.0;2.0;0.0
88;2020-05-23;145;0.9241440321494565;2.0;2.0;0.0;2.0;2.0;1.0;2.0;1.0;2.0;1.0;0.0;0.0;2.0;2.0;0.0;0.0;2.0;2.0;2.0;2.0;0.0
89;2020-05-24;143;0.9287415915710558;2.0;2.0;0.0;2.0;2.0;1.0;2.0;1.0;2.0;1.0;0.0;0.0;2.0;2.0;0.0;0.0;2.0;2.0;2.0;2.0;0.0
90;2020-05-25;153;0.9372345831795217;2.0;2.0;0.0;2.0;2.0;1.0;2.0;1.0;2.0;1.0;0.0;0.0;2.0;2.0;0.0;0.0;2.0;2.0;2.0;2.0;0.0
91;2020-05-26;135;0.9467937460833994;2.0;2.0;0.0;2.0;2.0;1.0;2.0;1.0;2.0;1.0;0.0;0.0;2.0;2.0;0.0;0.0;2.0;2.0;2.0;2.0;0.0
92;2020-05-27;165;0.9575207788519715;2.0;2.0;0.0;2.0;2.0;1.0;2.0;1.0;2.0;1.0;0.0;0.0;2.0;2.0;0.0;0.0;2.0;2.0;2.0;2.0;0.0
93;2020-05-28;156;0.9675615578851262;2.0;2.0;0.0;2.0;2.0;1.0;2.0;1.0;2.0;1.0;0.0;0.0;2.0;2.0;0.0;0.0;2.0;2.0;2.0;2.0;0.0
94;2020-05-29;156;0.9748974734433763;2.0;2.0;0.0;2.0;2.0;1.0;2.0;1.0;2.0;1.0;0.0;0.0;2.0;2.0;0.0;0.0;2.0;2.0;2.0;2.0;0.0
95;2020-05-30;146;0.9788023317772347;2.0;2.0;0.0;2.0;2.0;1.0;2.0;1.0;2.0;1.0;0.0;0.0;2.0;2.0;0.0;0.0;2.0;2.0;2.0;2.0;0.0
96;2020-05-31;154;0.9774660693606523;2.0;2.0;0.0;2.0;2.0;1.0;2.0;1.0;2.0;1.0;0.0;0.0;2.0;2.0;0.0;0.0;2.0;2.0;2.0;2.0;0.0
97;2020-06-01;139;0.9728691925844285;2.0;0.0;0.0;2.0;2.0;1.0;1.0;0.0;1.0;1.0;1.0;1.0;0.0;2.0;0.0;0.0;1.0;2.0;2.0;1.0;0.0
98;2020-06-02;116;0.9659514316704813;2.0;0.0;0.0;2.0;1.0;1.0;1.0;0.0;1.0;1.0;1.0;1.0;0.0;2.0;0.0;0.0;1.0;2.0;1.0;1.0;0.0
99;2020-06-03;162;0.958291623087366;2.0;0.0;0.0;2.0;1.0;1.0;1.0;0.0;1.0;1.0;1.0;1.0;0.0;2.0;0.0;0.0;1.0;2.0;1.0;1.0;0.0
100;2020-06-04;136;0.94988040085758;2.0;0.0;0.0;2.0;1.0;1.0;1.0;0.0;1.0;1.0;1.0;1.0;0.0;2.0;0.0;0.0;1.0;2.0;1.0;1.0;0.0
101;2020-06-05;161;0.9390987382885615;2.0;0.0;0.0;2.0;1.0;1.0;1.0;0.0;1.0;1.0;1.0;1.0;0.0;2.0;0.0;0.0;1.0;2.0;1.0;1.0;0.0
102;2020-06-06;124;0.9244509042240916;2.0;0.0;0.0;2.0;1.0;1.0;1.0;0.0;1.0;1.0;1.0;1.0;0.0;2.0;0.0;0.0;1.0;2.0;1.0;1.0;0.0
103;2020-06-07;119;0.9034848055628704;2.0;0.0;0.0;2.0;1.0;1.0;1.0;0.0;1.0;1.0;1.0;1.0;0.0;2.0;0.0;0.0;1.0;2.0;1.0;1.0;0.0
104;2020-06-08;114;0.877044451421635;2.0;0.0;1.0;2.0;1.0;1.0;1.0;0.0;1.0;1.0;1.0;1.0;0.0;2.0;0.0;0.0;1.0;2.0;1.0;1.0;0.0
105;2020-06-09;110;0.8458618144165246;2.0;0.0;1.0;2.0;1.0;0.0;1.0;0.0;1.0;1.0;1.0;1.0;0.0;2.0;0.0;0.0;1.0;2.0;1.0;1.0;0.0
106;2020-06-10;115;0.8137773405055825;2.0;0.0;1.0;2.0;1.0;0.0;1.0;0.0;1.0;1.0;1.0;1.0;0.0;2.0;0.0;0.0;1.0;2.0;1.0;1.0;0.0
107;2020-06-11;74;0.7850170518955717;2.0;0.0;1.0;2.0;1.0;0.0;1.0;0.0;1.0;1.0;1.0;1.0;0.0;2.0;0.0;0.0;1.0;2.0;1.0;1.0;0.0
108;2020-06-12;81;0.7640918822093431;2.0;0.0;1.0;2.0;1.0;0.0;1.0;0.0;1.0;1.0;1.0;1.0;0.0;2.0;0.0;0.0;1.0;2.0;1.0;1.0;0.0
109;2020-06-13;67;0.7563225733933968;2.0;0.0;1.0;2.0;1.0;0.0;1.0;0.0;1.0;1.0;1.0;1.0;0.0;2.0;0.0;0.0;1.0;2.0;1.0;1.0;0.0
110;2020-06-14;61;0.7631985162165857;2.0;0.0;1.0;2.0;1.0;0.0;1.0;0.0;1.0;1.0;1.0;1.0;0.0;2.0;0.0;0.0;1.0;2.0;1.0;1.0;0.0
111;2020-06-15;68;0.7877240485561801;2.0;0.0;1.0;1.0;1.0;0.0;1.0;0.0;1.0;1.0;1.0;1.0;0.0;2.0;0.0;0.0;1.0;2.0;1.0;1.0;0.0
112;2020-06-16;55;0.8262997731720001;2.0;0.0;1.0;1.0;1.0;0.0;1.0;0.0;1.0;1.0;1.0;1.0;0.0;2.0;0.0;0.0;1.0;2.0;1.0;1.0;0.0
113;2020-06-17;92;0.8738298643020858;2.0;0.0;1.0;1.0;1.0;0.0;1.0;0.0;1.0;1.0;1.0;1.0;0.0;2.0;0.0;0.0;1.0;2.0;1.0;1.0;0.0
114;2020-06-18;74;0.9218315008556393;2.0;0.0;1.0;1.0;1.0;0.0;1.0;0.0;1.0;1.0;1.0;1.0;0.0;2.0;0.0;0.0;1.0;2.0;1.0;1.0;0.0
115;2020-06-19;88;0.9606712151419701;2.0;0.0;1.0;1.0;1.0;0.0;1.0;0.0;1.0;1.0;1.0;1.0;0.0;2.0;0.0;0.0;1.0;2.0;1.0;1.0;0.0
116;2020-06-20;73;0.9848317826974277;2.0;0.0;1.0;1.0;1.0;0.0;1.0;0.0;1.0;1.0;1.0;1.0;0.0;2.0;0.0;0.0;1.0;2.0;1.0;1.0;0.0
117;2020-06-21;57;0.9913508616589048;2.0;0.0;1.0;1.0;1.0;0.0;1.0;0.0;1.0;1.0;1.0;1.0;0.0;2.0;0.0;0.0;1.0;2.0;1.0;1.0;0.0
118;2020-06-22;72;0.9838521097566937;2.0;0.0;1.0;1.0;1.0;0.0;1.0;0.0;1.0;1.0;1.0;1.0;0.0;2.0;0.0;0.0;1.0;2.0;1.0;1.0;0.0
119;2020-06-23;58;0.9675456985859693;2.0;0.0;1.0;1.0;1.0;0.0;1.0;0.0;1.0;1.0;1.0;1.0;0.0;2.0;0.0;0.0;1.0;2.0;1.0;1.0;0.0
120;2020-06-24;78;0.9501474423397829;2.0;0.0;1.0;1.0;1.0;0.0;1.0;0.0;1.0;1.0;1.0;1.0;0.0;2.0;0.0;0.0;1.0;2.0;1.0;1.0;0.0
121;2020-06-25;65;0.9369752509939099;2.0;0.0;1.0;1.0;1.0;0.0;1.0;0.0;1.0;1.0;1.0;1.0;0.0;2.0;0.0;0.0;1.0;2.0;1.0;1.0;0.0
122;2020-06-26;68;0.9325757461696877;2.0;0.0;1.0;1.0;1.0;0.0;1.0;0.0;1.0;1.0;1.0;1.0;0.0;2.0;0.0;0.0;1.0;2.0;1.0;1.0;0.0
123;2020-06-27;58;0.9420426084031587;2.0;0.0;1.0;1.0;1.0;0.0;1.0;0.0;1.0;1.0;1.0;1.0;0.0;2.0;0.0;0.0;1.0;2.0;0.0;1.0;0.0
124;2020-06-28;48;0.96617045196601;2.0;0.0;1.0;1.0;1.0;0.0;1.0;0.0;1.0;1.0;1.0;1.0;0.0;2.0;0.0;0.0;1.0;2.0;0.0;1.0;0.0
125;2020-06-29;53;1.0108373299858107;2.0;0.0;1.0;1.0;1.0;0.0;1.0;0.0;1.0;1.0;1.0;1.0;0.0;2.0;0.0;0.0;1.0;2.0;0.0;1.0;0.0
126;2020-06-30;55;1.074660308715302;2.0;0.0;1.0;1.0;1.0;0.0;1.0;0.0;1.0;1.0;1.0;1.0;0.0;2.0;0.0;0.0;1.0;2.0;0.0;1.0;0.0
127;2020-07-01;95;1.1556986582138447;2.0;0.0;1.0;1.0;0.0;0.0;1.0;0.0;1.0;0.0;1.0;1.0;0.0;1.0;0.0;1.0;0.0;0.0;0.0;1.0;0.0
128;2020-07-02;88;1.244627088217798;2.0;0.0;0.0;1.0;0.0;0.0;1.0;0.0;1.0;0.0;1.0;1.0;0.0;1.0;0.0;1.0;0.0;0.0;0.0;1.0;0.0
129;2020-07-03;113;1.3285664861799424;2.0;0.0;0.0;1.0;0.0;0.0;1.0;0.0;1.0;0.0;1.0;1.0;0.0;1.0;0.0;1.0;0.0;0.0;0.0;1.0;0.0
130;2020-07-04;107;1.3967237523856026;2.0;0.0;0.0;1.0;0.0;0.0;1.0;0.0;1.0;0.0;1.0;1.0;0.0;1.0;0.0;1.0;0.0;0.0;0.0;1.0;0.0
131;2020-07-05;108;1.4400705917769532;2.0;0.0;0.0;1.0;0.0;0.0;1.0;0.0;1.0;0.0;1.0;1.0;0.0;1.0;0.0;1.0;0.0;0.0;0.0;1.0;0.0
132;2020-07-06;116;1.4597932397173492;2.0;0.0;0.0;1.0;0.0;0.0;1.0;0.0;1.0;0.0;1.0;1.0;0.0;1.0;0.0;1.0;0.0;0.0;0.0;1.0;0.0
133;2020-07-07;115;1.4596898696459255;2.0;0.0;0.0;1.0;0.0;0.0;1.0;0.0;1.0;0.0;1.0;1.0;0.0;1.0;0.0;1.0;0.0;0.0;0.0;1.0;0.0
134;2020-07-08;185;1.4471922683933327;2.0;0.0;0.0;1.0;0.0;0.0;1.0;0.0;1.0;0.0;1.0;1.0;0.0;1.0;0.0;1.0;0.0;0.0;0.0;1.0;0.0
135;2020-07-09;177;1.425925329650623;2.0;0.0;0.0;1.0;0.0;0.0;1.0;0.0;1.0;0.0;1.0;1.0;0.0;1.0;0.0;1.0;0.0;0.0;0.0;1.0;0.0
136;2020-07-10;210;1.3980786992610934;2.0;0.0;0.0;1.0;0.0;0.0;1.0;0.0;1.0;0.0;1.0;1.0;0.0;1.0;0.0;1.0;0.0;0.0;0.0;1.0;0.0
137;2020-07-11;148;1.3645897820390025;2.0;0.0;0.0;1.0;0.0;0.0;1.0;0.0;1.0;0.0;1.0;1.0;0.0;1.0;0.0;1.0;0.0;0.0;0.0;1.0;0.0
138;2020-07-12;183;1.3264245449731598;2.0;0.0;0.0;1.0;0.0;0.0;1.0;0.0;1.0;0.0;1.0;1.0;0.0;1.0;0.0;1.0;0.0;0.0;0.0;1.0;0.0
139;2020-07-13;170;1.2917032627240133;2.0;0.0;0.0;1.0;0.0;0.0;1.0;0.0;1.0;0.0;1.0;1.0;0.0;1.0;0.0;1.0;0.0;0.0;0.0;1.0;0.0
140;2020-07-14;190;1.263613601577094;2.0;0.0;0.0;1.0;0.0;0.0;1.0;0.0;1.0;0.0;1.0;1.0;0.0;1.0;0.0;1.0;0.0;0.0;0.0;1.0;0.0
141;2020-07-15;244;1.248800315345374;2.0;0.0;0.0;1.0;0.0;0.0;1.0;0.0;1.0;0.0;1.0;1.0;0.0;1.0;0.0;1.0;0.0;0.0;0.0;1.0;0.0
142;2020-07-16;229;1.2475698573869398;2.0;0.0;0.0;1.0;0.0;0.0;1.0;0.0;1.0;0.0;1.0;1.0;0.0;1.0;0.0;1.0;0.0;0.0;0.0;1.0;0.0
143;2020-07-17;287;1.2576023791753197;2.0;0.0;0.0;1.0;0.0;0.0;1.0;0.0;1.0;0.0;1.0;1.0;0.0;1.0;0.0;1.0;0.0;0.0;0.0;1.0;0.0
144;2020-07-18;222;1.276543230322512;2.0;0.0;0.0;1.0;0.0;0.0;1.0;0.0;1.0;0.0;1.0;1.0;0.0;1.0;0.0;1.0;0.0;0.0;0.0;1.0;0.0
145;2020-07-19;243;1.2993485568834493;2.0;0.0;0.0;1.0;0.0;0.0;1.0;0.0;1.0;0.0;1.0;1.0;0.0;1.0;0.0;1.0;0.0;0.0;0.0;1.0;0.0
146;2020-07-20;327;1.325257812713003;2.0;0.0;0.0;1.0;0.0;0.0;1.0;0.0;1.0;0.0;1.0;1.0;0.0;1.0;0.0;1.0;0.0;0.0;0.0;1.0;0.0
147;2020-07-21;319;1.3504211621385949;2.0;0.0;0.0;1.0;0.0;0.0;1.0;0.0;1.0;0.0;1.0;1.0;0.0;1.0;0.0;1.0;0.0;0.0;0.0;1.0;0.0
148;2020-07-22;476;1.372041287579036;2.0;0.0;0.0;1.0;0.0;0.0;1.0;0.0;1.0;0.0;1.0;1.0;0.0;1.0;0.0;1.0;0.0;0.0;0.0;1.0;0.0
149;2020-07-23;414;1.3850136208688657;2.0;0.0;0.0;1.0;0.0;0.0;1.0;0.0;1.0;0.0;1.0;1.0;0.0;1.0;0.0;1.0;0.0;0.0;0.0;1.0;0.0
150;2020-07-24;470;1.386371840696975;2.0;0.0;0.0;1.0;0.0;0.0;1.0;0.0;1.0;0.0;1.0;1.0;0.0;1.0;0.0;1.0;0.0;0.0;0.0;1.0;0.0
151;2020-07-25;413;1.3753255452791615;2.0;0.0;0.0;1.0;0.0;0.0;1.0;0.0;1.0;0.0;1.0;1.0;0.0;1.0;0.0;1.0;0.0;0.0;0.0;1.0;0.0
152;2020-07-26;449;1.3539568613251587;2.0;0.0;0.0;1.0;0.0;0.0;1.0;0.0;1.0;0.0;1.0;1.0;0.0;1.0;0.0;1.0;0.0;0.0;0.0;1.0;0.0
153;2020-07-27;514;1.3281428742245922;2.0;0.0;0.0;1.0;0.0;0.0;1.0;0.0;1.0;0.0;1.0;1.0;0.0;1.0;0.0;1.0;0.0;0.0;0.0;1.0;0.0
154;2020-07-28;548;1.3000302088274993;2.0;0.0;0.0;1.0;0.0;0.0;1.0;0.0;1.0;0.0;1.0;1.0;0.0;1.0;0.0;1.0;0.0;0.0;0.0;1.0;0.0
155;2020-07-29;703;1.2719446971925512;2.0;0.0;0.0;1.0;0.0;0.0;1.0;0.0;1.0;0.0;1.0;1.0;0.0;1.0;0.0;1.0;0.0;0.0;0.0;1.0;0.0
156;2020-07-30;595;1.2406029760970816;2.0;0.0;0.0;1.0;0.0;0.0;1.0;0.0;1.0;0.0;1.0;1.0;0.0;1.0;0.0;1.0;0.0;0.0;0.0;1.0;0.0
157;2020-07-31;648;1.2041327890497968;2.0;0.0;0.0;1.0;0.0;0.0;1.0;0.0;1.0;0.0;1.0;1.0;0.0;1.0;0.0;1.0;0.0;0.0;0.0;1.0;0.0
158;2020-08-01;595;1.1621734967397483;2.0;0.0;0.0;1.0;0.0;0.0;1.0;0.0;1.0;0.0;1.0;1.0;0.0;1.0;0.0;1.0;0.0;0.0;0.0;1.0;0.0
159;2020-08-02;566;1.1153933555710625;2.0;0.0;0.0;1.0;0.0;0.0;1.0;0.0;1.0;0.0;1.0;1.0;0.0;1.0;0.0;1.0;0.0;0.0;0.0;1.0;0.0
160;2020-08-03;519;1.070023983980783;2.0;0.0;0.0;1.0;0.0;0.0;1.0;0.0;1.0;0.0;1.0;1.0;0.0;1.0;0.0;1.0;0.0;0.0;0.0;1.0;0.0
161;2020-08-04;531;1.0292206315715855;2.0;0.0;0.0;1.0;0.0;0.0;1.0;0.0;1.0;0.0;1.0;1.0;0.0;1.0;0.0;1.0;0.0;0.0;0.0;1.0;0.0
162;2020-08-05;621;0.9972966225707507;2.0;0.0;0.0;1.0;0.0;0.0;1.0;0.0;1.0;0.0;1.0;1.0;0.0;1.0;0.0;1.0;0.0;0.0;0.0;1.0;0.0
163;2020-08-06;541;0.9748650186541605;2.0;0.0;0.0;1.0;0.0;0.0;1.0;0.0;1.0;0.0;1.0;1.0;0.0;1.0;0.0;1.0;0.0;0.0;0.0;1.0;0.0
164;2020-08-07;597;0.9603637897992054;2.0;0.0;0.0;1.0;0.0;0.0;1.0;0.0;1.0;0.0;1.0;1.0;0.0;1.0;0.0;1.0;0.0;0.0;0.0;1.0;0.0
165;2020-08-08;527;0.9514355648184601;2.0;0.0;0.0;1.0;0.0;0.0;1.0;0.0;1.0;0.0;1.0;1.0;0.0;1.0;0.0;1.0;0.0;0.0;0.0;1.0;0.0
166;2020-08-09;505;0.9449079954635633;2.0;0.0;0.0;1.0;0.0;0.0;1.0;0.0;1.0;0.0;1.0;1.0;0.0;1.0;0.0;1.0;0.0;0.0;0.0;1.0;0.0
167;2020-08-10;489;0.9405763015747368;2.0;0.0;0.0;1.0;0.0;0.0;1.0;0.0;1.0;0.0;1.0;1.0;0.0;1.0;0.0;1.0;0.0;0.0;0.0;1.0;0.0
168;2020-08-11;463;0.9376967012502802;2.0;0.0;0.0;1.0;0.0;0.0;1.0;0.0;1.0;0.0;1.0;1.0;0.0;1.0;0.0;1.0;0.0;0.0;0.0;1.0;0.0
169;2020-08-12;531;0.9380997392047848;2.0;0.0;0.0;1.0;0.0;0.0;1.0;0.0;1.0;0.0;1.0;1.0;0.0;1.0;0.0;1.0;0.0;0.0;0.0;1.0;0.0
170;2020-08-13;502;0.9427679074089553;2.0;0.0;0.0;1.0;0.0;0.0;1.0;0.0;1.0;0.0;1.0;1.0;0.0;1.0;0.0;1.0;0.0;0.0;0.0;1.0;0.0
171;2020-08-14;505;0.9519357404469286;2.0;0.0;0.0;1.0;0.0;0.0;1.0;0.0;1.0;0.0;1.0;1.0;0.0;1.0;0.0;1.0;0.0;0.0;0.0;1.0;0.0
172;2020-08-15;455;0.9658583950270874;2.0;0.0;0.0;1.0;0.0;0.0;1.0;0.0;1.0;0.0;1.0;1.0;0.0;1.0;0.0;1.0;0.0;0.0;0.0;1.0;0.0
173;2020-08-16;472;0.9836254631769901;2.0;0.0;0.0;1.0;0.0;0.0;1.0;0.0;1.0;0.0;1.0;1.0;0.0;1.0;0.0;1.0;0.0;0.0;0.0;1.0;0.0
174;2020-08-17;515;1.005143718339972;2.0;0.0;0.0;1.0;0.0;0.0;1.0;0.0;1.0;0.0;1.0;1.0;0.0;1.0;0.0;1.0;0.0;0.0;0.0;1.0;0.0
175;2020-08-18;474;1.0291194047998178;2.0;0.0;0.0;1.0;0.0;0.0;1.0;0.0;1.0;0.0;1.0;1.0;0.0;1.0;0.0;1.0;0.0;2.0;0.0;2.0;0.0
176;2020-08-19;583;1.0553056480968872;2.0;0.0;0.0;1.0;0.0;0.0;1.0;0.0;1.0;0.0;1.0;1.0;0.0;1.0;0.0;1.0;0.0;2.0;0.0;2.0;0.0
177;2020-08-20;584;1.082090692575619;2.0;0.0;0.0;1.0;0.0;0.0;1.0;0.0;1.0;0.0;1.0;1.0;0.0;1.0;0.0;1.0;0.0;2.0;0.0;2.0;0.0
178;2020-08-21;610;1.1086308881428792;2.0;0.0;0.0;1.0;0.0;0.0;1.0;0.0;1.0;0.0;1.0;1.0;0.0;1.0;0.0;1.0;0.0;2.0;0.0;2.0;0.0
179;2020-08-22;584;1.1357091178955874;2.0;0.0;0.0;1.0;0.0;0.0;1.0;0.0;1.0;0.0;1.0;1.0;0.0;1.0;0.0;1.0;0.0;2.0;0.0;2.0;0.0
180;2020-08-23;603;1.1637153426787281;2.0;0.0;0.0;1.0;0.0;0.0;1.0;0.0;1.0;0.0;1.0;1.0;0.0;1.0;0.0;1.0;0.0;2.0;0.0;2.0;0.0
181;2020-08-24;589;1.195588957512773;2.0;0.0;0.0;1.0;0.0;0.0;1.0;0.0;1.0;0.0;1.0;1.0;0.0;1.0;0.0;1.0;0.0;2.0;0.0;2.0;0.0
182;2020-08-25;628;1.2327197269142207;2.0;0.0;0.0;1.0;0.0;0.0;1.0;0.0;1.0;0.0;1.0;1.0;0.0;1.0;0.0;1.0;0.0;2.0;0.0;2.0;0.0
183;2020-08-26;945;1.2748704472564012;2.0;0.0;0.0;1.0;0.0;0.0;1.0;0.0;1.0;0.0;1.0;1.0;0.0;1.0;0.0;1.0;0.0;2.0;0.0;2.0;0.0
184;2020-08-27;1016;1.3179861593871924;2.0;0.0;0.0;1.0;0.0;0.0;1.0;0.0;1.0;0.0;1.0;1.0;0.0;1.0;0.0;1.0;0.0;2.0;0.0;2.0;0.0
185;2020-08-28;993;1.3561126487401995;2.0;0.0;0.0;1.0;0.0;0.0;1.0;0.0;1.0;0.0;1.0;1.0;0.0;1.0;0.0;1.0;0.0;2.0;0.0;2.0;0.0
186;2020-08-29;994;1.3840838099683244;2.0;0.0;0.0;1.0;0.0;0.0;1.0;0.0;1.0;0.0;1.0;1.0;0.0;1.0;0.0;1.0;0.0;2.0;0.0;2.0;0.0
187;2020-08-30;1146;1.3983430856824197;2.0;0.0;0.0;1.0;0.0;0.0;1.0;0.0;1.0;0.0;1.0;1.0;0.0;1.0;0.0;1.0;0.0;2.0;0.0;2.0;0.0
188;2020-08-31;1251;1.400081935796058;2.0;0.0;0.0;1.0;0.0;0.0;1.0;0.0;1.0;0.0;1.0;1.0;0.0;1.0;0.0;1.0;0.0;2.0;0.0;2.0;0.0
189;2020-09-01;1259;1.3921407377454245;2.0;0.0;0.0;1.0;0.0;0.0;1.0;0.0;1.0;0.0;1.0;1.0;0.0;1.0;0.0;1.0;0.0;2.0;0.0;2.0;0.0
190;2020-09-02;1575;1.3785729551490913;2.0;0.0;0.0;0.0;0.0;0.0;1.0;0.0;1.0;0.0;1.0;1.0;0.0;1.0;0.0;1.0;0.0;2.0;0.0;2.0;0.0
191;2020-09-03;1705;1.361577603900094;2.0;0.0;0.0;0.0;0.0;0.0;1.0;0.0;1.0;0.0;1.0;1.0;0.0;1.0;0.0;1.0;0.0;2.0;0.0;2.0;0.0
192;2020-09-04;1664;1.34299488195066;2.0;0.0;0.0;0.0;0.0;0.0;1.0;0.0;1.0;0.0;1.0;1.0;0.0;1.0;0.0;1.0;0.0;2.0;0.0;2.0;0.0
193;2020-09-05;1588;1.3245369649772611;2.0;0.0;0.0;0.0;0.0;0.0;1.0;0.0;1.0;0.0;1.0;1.0;0.0;1.0;0.0;1.0;0.0;2.0;0.0;2.0;0.0
194;2020-09-06;1767;1.3070908546885618;2.0;0.0;0.0;0.0;0.0;0.0;1.0;0.0;1.0;0.0;1.0;1.0;0.0;1.0;0.0;1.0;0.0;2.0;0.0;2.0;0.0
195;2020-09-07;1859;1.2937873850759392;2.0;0.0;0.0;0.0;0.0;0.0;1.0;0.0;1.0;0.0;1.0;1.0;0.0;1.0;0.0;1.0;0.0;2.0;0.0;2.0;0.0
196;2020-09-08;1932;1.28495397339539;2.0;0.0;0.0;0.0;0.0;0.0;1.0;0.0;1.0;0.0;1.0;1.0;0.0;1.0;0.0;1.0;0.0;2.0;0.0;2.0;0.0
197;2020-09-09;2556;1.2796329607175452;2.0;0.0;0.0;0.0;0.0;0.0;1.0;0.0;1.0;0.0;1.0;1.0;0.0;1.0;0.0;1.0;0.0;2.0;0.0;2.0;0.0
198;2020-09-10;2536;1.2748051077513876;2.0;0.0;0.0;0.0;0.0;0.0;1.0;0.0;1.0;0.0;1.0;1.0;0.0;1.0;0.0;1.0;0.0;2.0;0.0;2.0;0.0
199;2020-09-11;2549;1.2671685419238141;2.0;0.0;0.0;0.0;0.0;0.0;1.0;0.0;1.0;0.0;1.0;1.0;0.0;1.0;0.0;1.0;0.0;2.0;0.0;2.0;0.0
200;2020-09-12;2509;1.2547587834601373;2.0;0.0;0.0;0.0;0.0;0.0;1.0;0.0;1.0;0.0;1.0;1.0;0.0;1.0;0.0;1.0;0.0;2.0;0.0;2.0;0.0
201;2020-09-13;2488;1.2373602203046383;2.0;0.0;0.0;0.0;0.0;0.0;1.0;0.0;1.0;0.0;1.0;1.0;0.0;1.0;0.0;1.0;0.0;2.0;0.0;2.0;0.0
202;2020-09-14;2540;1.218179769291106;2.0;0.0;0.0;0.0;0.0;0.0;1.0;0.0;1.0;0.0;1.0;1.0;0.0;1.0;0.0;1.0;0.0;2.0;0.0;2.0;0.0
203;2020-09-15;2763;1.200263315779192;2.0;0.0;0.0;0.0;0.0;0.0;1.0;0.0;1.0;0.0;1.0;1.0;0.0;1.0;0.0;1.0;0.0;2.0;0.0;2.0;0.0
204;2020-09-16;3440;1.1866753144260958;2.0;0.0;0.0;0.0;0.0;0.0;1.0;0.0;1.0;0.0;1.0;1.0;0.0;1.0;0.0;1.0;0.0;2.0;0.0;2.0;0.0
205;2020-09-17;3174;1.1779649841645103;2.0;0.0;0.0;0.0;0.0;0.0;1.0;0.0;1.0;0.0;1.0;1.0;0.0;1.0;0.0;1.0;0.0;2.0;0.0;2.0;0.0
206;2020-09-18;3216;1.1742772148278489;2.0;0.0;0.0;0.0;0.0;0.0;1.0;0.0;1.0;0.0;1.0;1.0;0.0;1.0;0.0;1.0;0.0;2.0;0.0;2.0;0.0
207;2020-09-19;3035;1.175885955140721;2.0;0.0;0.0;0.0;0.0;0.0;1.0;0.0;1.0;0.0;1.0;1.0;0.0;1.0;0.0;1.0;0.0;2.0;0.0;2.0;0.0
208;2020-09-20;3357;1.1825875038330491;2.0;0.0;0.0;0.0;0.0;0.0;1.0;0.0;1.0;0.0;1.0;1.0;0.0;1.0;0.0;1.0;0.0;2.0;0.0;2.0;0.0
209;2020-09-21;3403;1.1969609874016038;2.0;0.0;0.0;0.0;0.0;0.0;1.0;0.0;1.0;0.0;1.0;1.0;0.0;1.0;0.0;1.0;0.0;2.0;0.0;2.0;0.0
210;2020-09-22;3606;1.2187585344292482;2.0;0.0;0.0;0.0;0.0;0.0;1.0;0.0;1.0;0.0;1.0;1.0;0.0;1.0;0.0;1.0;0.0;2.0;0.0;2.0;0.0
211;2020-09-23;4949;1.2465018636754455;2.0;0.0;0.0;0.0;0.0;0.0;1.0;0.0;1.0;0.0;1.0;1.0;0.0;1.0;0.0;1.0;0.0;2.0;0.0;2.0;0.0
212;2020-09-24;4715;1.275817285530569;2.0;0.0;0.0;0.0;0.0;0.0;1.0;0.0;1.0;0.0;1.0;1.0;0.0;1.0;0.0;1.0;0.0;2.0;0.0;2.0;0.0
213;2020-09-25;5090;1.301029564984675;2.0;0.0;0.0;0.0;0.0;0.0;1.0;0.0;1.0;0.0;1.0;1.0;0.0;1.0;0.0;1.0;0.0;2.0;0.0;2.0;0.0
214;2020-09-26;5560;1.317066595148334;2.0;0.0;0.0;0.0;0.0;0.0;1.0;0.0;1.0;0.0;1.0;1.0;0.0;1.0;0.0;1.0;0.0;2.0;0.0;2.0;0.0
215;2020-09-27;5833;1.320420560720199;2.0;0.0;0.0;0.0;0.0;0.0;1.0;0.0;1.0;0.0;1.0;1.0;0.0;1.0;0.0;1.0;0.0;2.0;0.0;2.0;0.0
216;2020-09-28;5949;1.3117764297182442;2.0;0.0;0.0;0.0;0.0;0.0;1.0;0.0;1.0;0.0;1.0;1.0;0.0;1.0;0.0;1.0;0.0;2.0;0.0;2.0;0.0
217;2020-09-29;5991;1.2925013615372853;2.0;0.0;0.0;0.0;0.0;0.0;1.0;0.0;1.0;0.0;2.0;1.0;2.0;2.0;0.0;3.0;0.0;2.0;0.0;2.0;0.0
218;2020-09-30;7562;1.2663917022295157;2.0;0.0;0.0;0.0;0.0;0.0;1.0;0.0;1.0;0.0;2.0;1.0;2.0;2.0;0.0;3.0;0.0;2.0;0.0;2.0;0.0
219;2020-10-01;6583;1.2365663084149836;2.0;0.0;0.0;0.0;0.0;0.0;1.0;0.0;1.0;0.0;2.0;1.0;2.0;2.0;0.0;3.0;0.0;2.0;0.0;2.0;0.0
220;2020-10-02;7260;1.2060381266283218;2.0;0.0;0.0;0.0;0.0;0.0;1.0;0.0;1.0;0.0;2.0;1.0;2.0;2.0;0.0;3.0;0.0;2.0;0.0;2.0;0.0
221;2020-10-03;6904;1.1775662830787692;2.0;0.0;0.0;0.0;0.0;0.0;1.0;0.0;1.0;0.0;2.0;1.0;2.0;2.0;0.0;3.0;0.0;2.0;0.0;2.0;0.0
222;2020-10-04;7081;1.152522671291486;2.0;0.0;0.0;0.0;0.0;0.0;1.0;0.0;1.0;0.0;2.0;1.0;2.0;2.0;0.0;3.0;0.0;2.0;0.0;2.0;0.0
223;2020-10-05;7361;1.1336080822519747;2.0;0.0;0.0;0.0;0.0;0.0;1.0;0.0;1.0;0.0;2.0;3.0;2.0;2.0;0.0;3.0;0.0;2.0;0.0;2.0;0.0
224;2020-10-06;6980;1.120551842815472;2.0;0.0;0.0;0.0;0.0;0.0;1.0;0.0;1.0;0.0;2.0;3.0;2.0;2.0;0.0;3.0;0.0;2.0;0.0;2.0;0.0
225;2020-10-07;8662;1.1134058185847757;2.0;0.0;0.0;0.0;0.0;0.0;1.0;0.0;1.0;0.0;2.0;3.0;2.0;2.0;0.0;3.0;0.0;2.0;0.0;2.0;0.0
226;2020-10-08;8283;1.1104662600552708;2.0;0.0;0.0;0.0;0.0;0.0;1.0;0.0;1.0;0.0;2.0;3.0;2.0;2.0;0.0;3.0;0.0;2.0;0.0;2.0;0.0
227;2020-10-09;8602;1.1093543973047753;2.0;0.0;0.0;0.0;0.0;0.0;1.0;0.0;1.0;0.0;2.0;3.0;2.0;2.0;0.0;3.0;0.0;2.0;0.0;2.0;0.0
228;2020-10-10;8110;1.1082317028926547;2.0;0.0;0.0;0.0;0.0;0.0;1.0;0.0;1.0;0.0;2.0;3.0;2.0;2.0;0.0;3.0;0.0;2.0;0.0;2.0;0.0
229;2020-10-11;8516;1.1054683862476888;2.0;0.0;0.0;0.0;0.0;0.0;1.0;0.0;1.0;0.0;2.0;3.0;2.0;2.0;0.0;3.0;0.0;2.0;0.0;2.0;0.0
230;2020-10-12;8806;1.1013051101110354;2.0;0.0;0.0;0.0;0.0;0.0;1.0;0.0;1.0;0.0;2.0;3.0;2.0;2.0;0.0;3.0;0.0;2.0;0.0;2.0;0.0
231;2020-10-13;8480;1.095226608777222;2.0;0.0;0.0;0.0;0.0;0.0;1.0;0.0;1.0;0.0;2.0;3.0;2.0;2.0;0.0;3.0;0.0;2.0;0.0;2.0;0.0
232;2020-10-14;10116;1.0877062993906939;2.0;1.0;0.0;0.0;0.0;0.0;2.0;0.0;1.0;1.0;0.0;3.0;1.0;1.0;0.0;0.0;0.0;2.0;0.0;2.0;0.0
233;2020-10-15;9845;1.0774009252177885;2.0;1.0;0.0;0.0;0.0;0.0;2.0;0.0;1.0;1.0;0.0;3.0;1.0;1.0;0.0;0.0;0.0;2.0;0.0;2.0;0.0
234;2020-10-16;9474;1.063110824878892;2.0;1.0;0.0;0.0;0.0;0.0;2.0;0.0;1.0;1.0;0.0;3.0;1.0;1.0;0.0;0.0;0.0;2.0;0.0;2.0;0.0
235;2020-10-17;8892;1.044353186362968;2.0;1.0;0.0;0.0;0.0;0.0;2.0;0.0;1.0;1.0;0.0;3.0;1.0;1.0;0.0;0.0;0.0;2.0;0.0;2.0;0.0
236;2020-10-18;9293;1.0205527244194912;2.0;1.0;0.0;0.0;0.0;0.0;2.0;0.0;1.0;1.0;0.0;3.0;1.0;1.0;0.0;0.0;0.0;2.0;0.0;2.0;0.0
237;2020-10-19;8761;0.9937087482830451;2.0;1.0;0.0;0.0;0.0;0.0;2.0;0.0;1.0;1.0;0.0;3.0;1.0;1.0;0.0;0.0;0.0;2.0;0.0;2.0;0.0
238;2020-10-20;8021;0.9653688171316644;2.0;1.0;0.0;0.0;0.0;0.0;2.0;0.0;1.0;1.0;0.0;3.0;1.0;1.0;0.0;0.0;0.0;2.0;0.0;2.0;0.0
239;2020-10-21;8995;0.9377104744137927;2.0;1.0;0.0;0.0;0.0;0.0;2.0;0.0;1.0;1.0;0.0;3.0;1.0;1.0;0.0;0.0;0.0;2.0;0.0;2.0;0.0
240;2020-10-22;7896;0.9121235002688582;2.0;1.0;0.0;0.0;0.0;0.0;2.0;0.0;1.0;1.0;0.0;3.0;1.0;1.0;0.0;0.0;0.0;2.0;0.0;2.0;0.0
241;2020-10-23;7469;0.8896459324305869;2.0;1.0;0.0;0.0;0.0;0.0;2.0;0.0;1.0;1.0;0.0;3.0;1.0;1.0;0.0;0.0;0.0;2.0;0.0;2.0;0.0
242;2020-10-24;6796;0.8710280894323802;2.0;1.0;0.0;0.0;0.0;0.0;2.0;0.0;1.0;1.0;0.0;3.0;1.0;1.0;0.0;0.0;0.0;2.0;0.0;2.0;0.0
243;2020-10-25;6533;0.8565083158960901;2.0;1.0;0.0;0.0;0.0;0.0;2.0;0.0;1.0;1.0;0.0;3.0;1.0;1.0;0.0;0.0;0.0;2.0;0.0;2.0;0.0
244;2020-10-26;6260;0.8470462987249953;2.0;1.0;0.0;0.0;0.0;0.0;2.0;0.0;1.0;1.0;0.0;3.0;1.0;1.0;0.0;0.0;0.0;2.0;0.0;2.0;0.0
245;2020-10-27;6262;0.8423134585597485;2.0;1.0;0.0;0.0;0.0;0.0;2.0;0.0;1.0;1.0;0.0;3.0;1.0;1.0;0.0;0.0;0.0;2.0;0.0;2.0;0.0
246;2020-10-28;6338;0.8423001761562436;2.0;1.0;0.0;0.0;0.0;0.0;2.0;0.0;1.0;1.0;0.0;3.0;1.0;1.0;0.0;0.0;0.0;2.0;0.0;2.0;0.0
247;2020-10-29;5703;0.8460993036160928;2.0;1.0;0.0;0.0;0.0;0.0;2.0;0.0;1.0;1.0;0.0;3.0;1.0;1.0;0.0;0.0;0.0;2.0;0.0;2.0;0.0
248;2020-10-30;5546;0.8531962364897689;2.0;1.0;0.0;0.0;0.0;0.0;2.0;0.0;1.0;1.0;0.0;3.0;1.0;1.0;0.0;0.0;0.0;2.0;0.0;2.0;0.0
249;2020-10-31;4959;0.863447206221317;2.0;1.0;0.0;0.0;0.0;0.0;2.0;0.0;1.0;1.0;0.0;3.0;1.0;1.0;0.0;0.0;0.0;2.0;0.0;2.0;0.0
250;2020-11-01;5160;0.8764750229758724;2.0;1.0;0.0;0.0;0.0;0.0;2.0;0.0;1.0;1.0;0.0;3.0;1.0;1.0;0.0;0.0;0.0;2.0;0.0;2.0;0.0
251;2020-11-02;5179;0.893023517870842;2.0;1.0;0.0;0.0;0.0;0.0;2.0;0.0;1.0;1.0;0.0;3.0;1.0;1.0;0.0;0.0;0.0;2.0;0.0;2.0;0.0
252;2020-11-03;4953;0.9120903746409644;2.0;1.0;0.0;0.0;0.0;0.0;2.0;0.0;1.0;1.0;0.0;3.0;1.0;1.0;0.0;0.0;0.0;2.0;0.0;2.0;0.0
253;2020-11-04;5738;0.932634158689353;2.0;2.0;0.0;0.0;0.0;0.0;2.0;0.0;2.0;1.0;0.0;3.0;2.0;2.0;0.0;0.0;0.0;2.0;2.0;2.0;0.0
254;2020-11-05;5327;0.9525440702826723;2.0;2.0;0.0;0.0;0.0;0.0;2.0;0.0;2.0;1.0;0.0;3.0;2.0;2.0;0.0;0.0;0.0;2.0;2.0;2.0;0.0
255;2020-11-06;5535;0.969449014985037;2.0;2.0;0.0;0.0;0.0;0.0;2.0;0.0;2.0;1.0;0.0;3.0;2.0;2.0;0.0;0.0;0.0;2.0;2.0;2.0;0.0
256;2020-11-07;4996;0.9821823876687946;2.0;2.0;0.0;0.0;0.0;0.0;2.0;0.0;2.0;1.0;0.0;3.0;2.0;2.0;0.0;0.0;0.0;2.0;2.0;2.0;0.0
257;2020-11-08;5012;0.9901347444169557;2.0;2.0;0.0;0.0;0.0;0.0;2.0;0.0;2.0;1.0;0.0;3.0;2.0;2.0;0.0;0.0;0.0;2.0;2.0;2.0;0.0
258;2020-11-09;5099;0.9943010756526132;2.0;2.0;0.0;0.0;0.0;0.0;2.0;0.0;2.0;1.0;0.0;3.0;2.0;2.0;0.0;0.0;0.0;2.0;2.0;2.0;0.0
259;2020-11-10;5100;0.9953580140302696;2.0;2.0;0.0;0.0;0.0;0.0;2.0;0.0;2.0;1.0;0.0;3.0;2.0;2.0;0.0;0.0;0.0;2.0;2.0;2.0;0.0
260;2020-11-11;5980;0.994167777107433;2.0;2.0;0.0;0.0;0.0;0.0;2.0;0.0;2.0;1.0;0.0;3.0;2.0;2.0;0.0;0.0;0.0;2.0;2.0;2.0;0.0
261;2020-11-12;5440;0.9902361175691011;2.0;2.0;0.0;0.0;0.0;0.0;2.0;0.0;2.0;1.0;0.0;3.0;2.0;2.0;0.0;0.0;0.0;2.0;2.0;2.0;0.0
262;2020-11-13;5199;0.9834527388760781;2.0;2.0;0.0;0.0;0.0;0.0;2.0;0.0;2.0;1.0;0.0;3.0;2.0;2.0;0.0;0.0;0.0;2.0;2.0;2.0;0.0
263;2020-11-14;4693;0.9745644242447791;2.0;2.0;0.0;0.0;0.0;0.0;2.0;0.0;2.0;1.0;0.0;3.0;2.0;2.0;0.0;0.0;0.0;2.0;2.0;2.0;0.0
264;2020-11-15;4653;0.9647244815723325;2.0;2.0;0.0;0.0;0.0;0.0;2.0;0.0;2.0;1.0;0.0;3.0;2.0;2.0;0.0;0.0;0.0;2.0;2.0;2.0;0.0
265;2020-11-16;4638;0.9573193481170338;2.0;2.0;0.0;0.0;0.0;0.0;2.0;0.0;2.0;1.0;0.0;3.0;2.0;2.0;0.0;0.0;0.0;2.0;2.0;2.0;0.0
266;2020-11-17;4392;0.9543781517665603;2.0;2.0;0.0;0.0;0.0;0.0;2.0;0.0;2.0;1.0;0.0;3.0;2.0;2.0;0.0;0.0;0.0;2.0;2.0;2.0;0.0
267;2020-11-18;5432;0.9578478550316177;2.0;2.0;0.0;0.0;0.0;0.0;2.0;0.0;2.0;1.0;0.0;3.0;2.0;2.0;0.0;0.0;0.0;2.0;2.0;2.0;0.0
268;2020-11-19;4829;0.9676349386716587;2.0;2.0;0.0;0.0;0.0;0.0;2.0;0.0;2.0;1.0;0.0;3.0;2.0;2.0;0.0;0.0;0.0;2.0;2.0;2.0;0.0
269;2020-11-20;4862;0.98285965256276;2.0;2.0;0.0;0.0;0.0;0.0;2.0;0.0;2.0;1.0;0.0;3.0;2.0;2.0;0.0;0.0;0.0;2.0;2.0;2.0;0.0
270;2020-11-21;4541;1.003167050760938;2.0;2.0;0.0;0.0;0.0;0.0;2.0;0.0;2.0;1.0;0.0;3.0;2.0;2.0;0.0;0.0;0.0;2.0;2.0;2.0;0.0
271;2020-11-22;4802;1.0276290807118986;2.0;2.0;0.0;0.0;0.0;0.0;2.0;0.0;2.0;1.0;0.0;3.0;2.0;2.0;0.0;0.0;0.0;2.0;2.0;2.0;0.0
272;2020-11-23;4872;1.0571447941553442;2.0;2.0;0.0;0.0;0.0;0.0;2.0;0.0;2.0;1.0;0.0;3.0;2.0;2.0;0.0;0.0;0.0;2.0;2.0;2.0;0.0
273;2020-11-24;4937;1.0911160283370394;2.0;2.0;0.0;0.0;0.0;0.0;2.0;0.0;2.0;1.0;0.0;3.0;2.0;2.0;0.0;0.0;0.0;2.0;2.0;2.0;0.0
274;2020-11-25;6445;1.12818189092218;2.0;2.0;0.0;0.0;0.0;0.0;2.0;0.0;2.0;1.0;0.0;3.0;2.0;2.0;0.0;0.0;0.0;2.0;2.0;2.0;0.0
275;2020-11-26;6664;1.1649174305124825;2.0;2.0;0.0;0.0;0.0;0.0;2.0;0.0;2.0;1.0;0.0;3.0;2.0;2.0;0.0;0.0;0.0;2.0;2.0;2.0;0.0
276;2020-11-27;6831;1.1971747301775284;2.0;2.0;0.0;0.0;0.0;0.0;2.0;0.0;2.0;1.0;0.0;3.0;2.0;2.0;0.0;0.0;0.0;2.0;2.0;2.0;0.0
277;2020-11-28;6766;1.2216538085026374;2.0;2.0;0.0;0.0;0.0;0.0;2.0;0.0;2.0;1.0;0.0;3.0;2.0;2.0;0.0;0.0;0.0;2.0;2.0;2.0;0.0
278;2020-11-29;7052;1.2365459279644324;2.0;2.0;0.0;0.0;0.0;0.0;2.0;0.0;2.0;1.0;0.0;3.0;2.0;2.0;0.0;0.0;0.0;2.0;2.0;2.0;0.0
279;2020-11-30;7445;1.2433527810142715;2.0;2.0;0.0;0.0;0.0;0.0;2.0;0.0;2.0;1.0;0.0;3.0;2.0;2.0;0.0;0.0;0.0;2.0;2.0;2.0;0.0
280;2020-12-01;7761;1.2439389487710537;2.0;2.0;0.0;0.0;0.0;0.0;2.0;0.0;2.0;1.0;0.0;2.0;2.0;2.0;0.0;0.0;0.0;2.0;2.0;2.0;0.0
281;2020-12-02;9398;1.241026353403412;2.0;2.0;0.0;0.0;0.0;0.0;2.0;0.0;2.0;1.0;0.0;2.0;2.0;2.0;0.0;0.0;0.0;2.0;2.0;2.0;0.0
282;2020-12-03;9730;1.2353597583172042;2.0;2.0;0.0;0.0;0.0;0.0;2.0;0.0;2.0;1.0;0.0;2.0;2.0;2.0;0.0;0.0;0.0;2.0;2.0;2.0;0.0
283;2020-12-04;9696;1.226892787769893;2.0;2.0;0.0;0.0;0.0;0.0;2.0;0.0;2.0;1.0;0.0;2.0;2.0;2.0;0.0;0.0;0.0;2.0;2.0;2.0;0.0
284;2020-12-05;9273;1.2156000347447307;2.0;2.0;0.0;0.0;0.0;0.0;2.0;0.0;2.0;1.0;0.0;2.0;2.0;2.0;0.0;0.0;0.0;2.0;2.0;2.0;0.0
285;2020-12-06;9871;1.2011539193999088;2.0;2.0;0.0;0.0;0.0;0.0;2.0;0.0;2.0;1.0;0.0;2.0;2.0;2.0;0.0;0.0;0.0;2.0;2.0;2.0;0.0
286;2020-12-07;10055;1.1853774385150058;2.0;2.0;0.0;0.0;0.0;0.0;2.0;0.0;2.0;1.0;0.0;2.0;2.0;2.0;0.0;0.0;0.0;2.0;2.0;2.0;0.0
287;2020-12-08;10256;1.1687987460583378;2.0;2.0;0.0;0.0;0.0;0.0;2.0;0.0;2.0;1.0;0.0;2.0;2.0;2.0;0.0;0.0;0.0;2.0;2.0;2.0;0.0
288;2020-12-09;12574;1.151584601913276;2.0;2.0;0.0;0.0;0.0;0.0;2.0;0.0;2.0;1.0;0.0;2.0;2.0;2.0;0.0;0.0;0.0;2.0;2.0;2.0;0.0
289;2020-12-10;12293;1.1323135761768868;2.0;2.0;0.0;0.0;0.0;0.0;2.0;0.0;2.0;1.0;0.0;2.0;2.0;2.0;0.0;0.0;0.0;2.0;2.0;2.0;0.0
290;2020-12-11;11679;1.1089932883359528;2.0;2.0;0.0;0.0;0.0;0.0;2.0;0.0;2.0;1.0;0.0;2.0;2.0;2.0;0.0;0.0;0.0;2.0;2.0;2.0;0.0
291;2020-12-12;10702;1.0806745692219433;2.0;2.0;0.0;0.0;0.0;0.0;2.0;0.0;2.0;1.0;0.0;2.0;2.0;2.0;0.0;0.0;0.0;2.0;2.0;2.0;0.0
292;2020-12-13;10721;1.0474159311619353;2.0;2.0;0.0;0.0;0.0;0.0;2.0;0.0;2.0;1.0;0.0;2.0;2.0;2.0;0.0;0.0;0.0;2.0;2.0;2.0;0.0
293;2020-12-14;10466;1.0116634309121504;2.0;2.0;0.0;0.0;0.0;0.0;2.0;0.0;2.0;1.0;0.0;2.0;2.0;2.0;0.0;0.0;0.0;2.0;2.0;2.0;0.0
294;2020-12-15;10039;0.9762504360063292;2.0;2.0;0.0;0.0;0.0;0.0;2.0;0.0;2.0;2.0;0.0;2.0;2.0;2.0;2.0;0.0;0.0;2.0;3.0;2.0;0.0
295;2020-12-16;10962;0.9438699579022576;2.0;2.0;2.0;2.0;2.0;2.0;2.0;0.0;2.0;2.0;0.0;2.0;2.0;2.0;2.0;0.0;0.0;2.0;3.0;2.0;0.0
296;2020-12-17;9992;0.9162698387360223;2.0;2.0;2.0;2.0;2.0;2.0;2.0;0.0;2.0;2.0;0.0;2.0;2.0;2.0;2.0;0.0;0.0;2.0;3.0;2.0;0.0
297;2020-12-18;8770;0.8945730151500616;2.0;2.0;2.0;2.0;2.0;2.0;2.0;0.0;2.0;2.0;0.0;2.0;2.0;2.0;2.0;0.0;0.0;2.0;3.0;2.0;0.0
298;2020-12-19;8052;0.8792639565910026;2.0;2.0;2.0;2.0;2.0;2.0;2.0;0.0;2.0;2.0;0.0;2.0;2.0;2.0;2.0;0.0;0.0;2.0;3.0;2.0;0.0
299;2020-12-20;7496;0.8706133429941671;2.0;2.0;2.0;2.0;2.0;2.0;2.0;0.0;2.0;2.0;0.0;2.0;2.0;2.0;2.0;0.0;0.0;2.0;3.0;2.0;0.0
300;2020-12-21;7612;0.8693605469270955;2.0;2.0;2.0;2.0;2.0;2.0;2.0;0.0;2.0;2.0;0.0;2.0;2.0;2.0;2.0;0.0;0.0;2.0;3.0;2.0;0.0
301;2020-12-22;8294;0.8746470896672706;2.0;2.0;2.0;2.0;2.0;2.0;2.0;0.0;2.0;2.0;0.0;2.0;2.0;2.0;2.0;0.0;0.0;2.0;3.0;2.0;0.0
302;2020-12-23;9171;0.8847603687481558;2.0;2.0;2.0;2.0;2.0;2.0;2.0;0.0;2.0;2.0;0.0;2.0;2.0;2.0;2.0;0.0;0.0;2.0;3.0;2.0;0.0
303;2020-12-24;8163;0.896891756043993;2.0;2.0;2.0;2.0;2.0;2.0;2.0;0.0;2.0;2.0;0.0;2.0;2.0;2.0;2.0;0.0;0.0;2.0;3.0;2.0;0.0
304;2020-12-25;6909;0.9086240999656844;2.0;2.0;2.0;2.0;2.0;2.0;2.0;0.0;2.0;2.0;0.0;2.0;2.0;2.0;2.0;0.0;0.0;2.0;3.0;2.0;0.0
305;2020-12-26;6559;0.9186170922618245;2.0;2.0;2.0;2.0;2.0;2.0;2.0;0.0;2.0;2.0;0.0;2.0;2.0;2.0;2.0;0.0;0.0;2.0;3.0;2.0;0.0
306;2020-12-27;6772;0.9267589892065992;2.0;2.0;2.0;2.0;2.0;2.0;2.0;0.0;2.0;2.0;0.0;2.0;2.0;2.0;2.0;0.0;0.0;2.0;3.0;2.0;0.0
307;2020-12-28;7186;0.934372351135133;2.0;2.0;2.0;2.0;2.0;2.0;2.0;0.0;2.0;2.0;0.0;2.0;2.0;2.0;2.0;0.0;0.0;2.0;3.0;2.0;0.0
308;2020-12-29;7749;0.940853254109639;2.0;2.0;2.0;2.0;2.0;2.0;2.0;0.0;2.0;2.0;0.0;2.0;2.0;2.0;2.0;0.0;0.0;2.0;3.0;2.0;0.0
309;2020-12-30;8465;0.9444234818026984;2.0;2.0;2.0;2.0;2.0;2.0;2.0;0.0;2.0;2.0;0.0;2.0;2.0;2.0;2.0;0.0;0.0;2.0;3.0;2.0;0.0
310;2020-12-31;7083;0.942630446258103;2.0;2.0;2.0;2.0;2.0;2.0;2.0;0.0;2.0;2.0;0.0;2.0;2.0;2.0;2.0;0.0;0.0;2.0;3.0;2.0;0.0
311;2021-01-01;6716;0.9337458981749663;2.0;2.0;2.0;2.0;2.0;2.0;2.0;0.0;2.0;2.0;0.0;2.0;2.0;2.0;2.0;0.0;0.0;2.0;3.0;2.0;0.0
312;2021-01-02;5907;0.91903123302792;2.0;2.0;2.0;2.0;2.0;2.0;2.0;0.0;2.0;2.0;0.0;2.0;2.0;2.0;2.0;0.0;0.0;2.0;3.0;2.0;0.0
313;2021-01-03;5456;0.9021172139398562;2.0;2.0;2.0;2.0;2.0;2.0;2.0;0.0;2.0;2.0;0.0;2.0;2.0;2.0;2.0;0.0;0.0;2.0;3.0;2.0;0.0
314;2021-01-04;5315;0.8883062434049204;2.0;2.0;2.0;2.0;2.0;2.0;2.0;0.0;2.0;2.0;0.0;2.0;2.0;2.0;2.0;0.0;0.0;2.0;3.0;2.0;0.0
315;2021-01-05;5329;0.8815246749798994;2.0;2.0;2.0;2.0;2.0;2.0;2.0;0.0;2.0;2.0;0.0;2.0;2.0;2.0;2.0;0.0;0.0;2.0;3.0;2.0;0.0
316;2021-01-06;6099;0.8835327613160279;2.0;2.0;2.0;2.0;2.0;2.0;2.0;0.0;2.0;2.0;0.0;2.0;2.0;2.0;2.0;0.0;0.0;2.0;3.0;2.0;3835.0
317;2021-01-07;5873;0.8927325360868074;2.0;2.0;2.0;2.0;2.0;2.0;2.0;0.0;2.0;2.0;0.0;2.0;2.0;2.0;2.0;0.0;0.0;2.0;3.0;2.0;10221.0
318;2021-01-08;5721;0.905728015564595;2.0;2.0;2.0;2.0;2.0;2.0;2.0;0.0;2.0;2.0;0.0;2.0;2.0;2.0;2.0;0.0;0.0;2.0;3.0;2.0;17996.0
319;2021-01-09;5059;0.9188656382358475;2.0;2.0;2.0;2.0;2.0;2.0;2.0;0.0;2.0;2.0;0.0;2.0;2.0;2.0;2.0;0.0;0.0;2.0;3.0;2.0;25760.0
320;2021-01-10;5016;0.9293756467231742;2.0;2.0;2.0;2.0;2.0;2.0;2.0;0.0;2.0;2.0;0.0;2.0;2.0;2.0;2.0;0.0;0.0;2.0;3.0;2.0;33753.0
321;2021-01-11;4865;0.9369501336915571;2.0;2.0;2.0;2.0;2.0;2.0;2.0;0.0;2.0;2.0;0.0;2.0;2.0;2.0;2.0;0.0;0.0;2.0;3.0;2.0;43344.0
322;2021-01-12;4866;0.9415879336459072;2.0;2.0;2.0;2.0;2.0;2.0;2.0;0.0;2.0;2.0;0.0;2.0;2.0;2.0;2.0;0.0;0.0;2.0;3.0;2.0;50390.0
323;2021-01-13;5737;0.9443257815821934;2.0;2.0;2.0;2.0;2.0;2.0;2.0;0.0;2.0;2.0;0.0;2.0;2.0;2.0;2.0;0.0;0.0;2.0;3.0;2.0;56048.0
324;2021-01-14;5286;0.9448496922325949;2.0;2.0;2.0;2.0;2.0;2.0;2.0;0.0;2.0;2.0;0.0;2.0;2.0;2.0;2.0;0.0;0.0;2.0;3.0;2.0;61703.0
325;2021-01-15;5261;0.9420864824057855;2.0;2.0;2.0;2.0;2.0;2.0;2.0;0.0;2.0;2.0;0.0;2.0;2.0;2.0;2.0;0.0;0.0;2.0;3.0;2.0;67128.0
326;2021-01-16;4482;0.9356881177453015;2.0;2.0;2.0;2.0;2.0;2.0;2.0;0.0;2.0;2.0;0.0;2.0;2.0;2.0;2.0;0.0;0.0;2.0;3.0;2.0;72091.0
327;2021-01-17;4300;0.9258090854624397;2.0;2.0;2.0;2.0;2.0;2.0;2.0;0.0;2.0;2.0;0.0;2.0;2.0;2.0;2.0;0.0;0.0;2.0;3.0;2.0;77054.0
328;2021-01-18;4302;0.9148493425568415;2.0;2.0;2.0;2.0;2.0;2.0;2.0;0.0;2.0;2.0;0.0;2.0;2.0;2.0;2.0;0.0;0.0;2.0;3.0;2.0;90493.0
329;2021-01-19;4096;0.9051441563546138;2.0;2.0;2.0;2.0;2.0;2.0;2.0;0.0;2.0;2.0;0.0;2.0;2.0;2.0;2.0;0.0;0.0;2.0;3.0;2.0;103932.0
330;2021-01-20;4495;0.8989950022336911;2.0;2.0;2.0;2.0;2.0;2.0;2.0;0.0;2.0;2.0;0.0;2.0;2.0;2.0;2.0;0.0;0.0;2.0;3.0;2.0;117370.0
331;2021-01-21;4100;0.8970236219981529;2.0;2.0;2.0;2.0;2.0;2.0;2.0;0.0;2.0;2.0;0.0;2.0;2.0;2.0;2.0;0.0;0.0;2.0;3.0;2.0;130805.0
332;2021-01-22;4158;0.8989388193030684;2.0;2.0;2.0;2.0;2.0;2.0;2.0;0.0;2.0;2.0;0.0;2.0;2.0;2.0;2.0;0.0;0.0;2.0;3.0;2.0;145091.0
333;2021-01-23;3810;0.9037806399631573;2.0;2.0;2.0;2.0;2.0;2.0;2.0;0.0;2.0;2.0;0.0;2.0;2.0;2.0;2.0;0.0;0.0;2.0;4.0;2.0;155913.0
334;2021-01-24;3665;0.9102231642148222;2.0;2.0;2.0;2.0;2.0;2.0;2.0;0.0;2.0;2.0;0.0;2.0;2.0;2.0;2.0;0.0;0.0;2.0;4.0;2.0;166734.0
335;2021-01-25;3559;0.9182284691090484;2.0;2.0;2.0;2.0;2.0;2.0;2.0;0.0;2.0;2.0;0.0;2.0;2.0;2.0;2.0;0.0;0.0;2.0;4.0;2.0;182718.0
336;2021-01-26;3579;0.9269007522683095;2.0;2.0;2.0;2.0;2.0;2.0;2.0;0.0;2.0;2.0;0.0;2.0;2.0;2.0;2.0;0.0;0.0;2.0;4.0;2.0;202176.0
337;2021-01-27;4120;0.9357570752432388;2.0;2.0;2.0;2.0;2.0;2.0;2.0;0.0;2.0;2.0;0.0;2.0;2.0;2.0;2.0;0.0;0.0;2.0;4.0;2.0;228506.0
338;2021-01-28;3851;0.9436077682449128;2.0;2.0;2.0;2.0;2.0;2.0;2.0;0.0;2.0;2.0;0.0;2.0;2.0;2.0;2.0;0.0;0.0;2.0;4.0;2.0;258776.0
339;2021-01-29;3918;0.9492472802104759;2.0;2.0;2.0;2.0;2.0;2.0;2.0;0.0;2.0;2.0;0.0;2.0;2.0;2.0;2.0;0.0;0.0;2.0;4.0;2.0;293185.0
340;2021-01-30;3548;0.9521845510501944;2.0;2.0;2.0;2.0;2.0;2.0;2.0;0.0;2.0;2.0;0.0;2.0;2.0;2.0;2.0;0.0;0.0;2.0;4.0;2.0;324095.0
341;2021-01-31;3191;0.9529837853246311;2.0;2.0;2.0;2.0;2.0;2.0;2.0;0.0;2.0;2.0;0.0;2.0;2.0;2.0;2.0;0.0;0.0;2.0;4.0;2.0;352204.0
342;2021-02-01;3014;0.9538443056571055;2.0;2.0;2.0;2.0;2.0;2.0;2.0;0.0;2.0;2.0;0.0;2.0;2.0;2.0;2.0;0.0;0.0;2.0;4.0;2.0;386665.0
343;2021-02-02;3356;0.9570440833405565;2.0;2.0;2.0;2.0;2.0;2.0;2.0;0.0;2.0;2.0;0.0;2.0;2.0;2.0;2.0;0.0;0.0;2.0;4.0;2.0;421289.0
344;2021-02-03;3755;0.9644522697080526;2.0;2.0;2.0;2.0;2.0;2.0;2.0;0.0;2.0;2.0;0.0;2.0;2.0;2.0;2.0;0.0;0.0;2.0;4.0;2.0;454098.0
345;2021-02-04;3949;0.9757771439173513;2.0;2.0;2.0;2.0;2.0;2.0;2.0;0.0;2.0;2.0;0.0;2.0;2.0;2.0;2.0;0.0;0.0;2.0;4.0;2.0;488691.0
346;2021-02-05;3586;0.9899920162549991;2.0;2.0;2.0;2.0;2.0;2.0;2.0;0.0;2.0;2.0;0.0;2.0;2.0;2.0;2.0;0.0;0.0;2.0;4.0;2.0;521967.0
347;2021-02-06;3244;1.0056373424294565;2.0;2.0;2.0;2.0;2.0;2.0;2.0;0.0;2.0;2.0;0.0;2.0;2.0;2.0;2.0;0.0;0.0;2.0;4.0;2.0;549695.0
348;2021-02-07;3283;1.0221313582195677;2.0;2.0;2.0;2.0;2.0;2.0;2.0;0.0;2.0;2.0;0.0;2.0;2.0;2.0;2.0;0.0;0.0;2.0;4.0;2.0;573344.0
349;2021-02-08;3263;1.0408256829137394;2.0;2.0;0.0;2.0;2.0;0.0;2.0;0.0;2.0;2.0;0.0;2.0;2.0;2.0;2.0;0.0;0.0;2.0;4.0;2.0;606478.0
350;2021-02-09;3682;1.062310732492581;2.0;2.0;0.0;2.0;2.0;0.0;2.0;0.0;2.0;2.0;0.0;2.0;2.0;2.0;2.0;0.0;0.0;2.0;4.0;2.0;638764.0
351;2021-02-10;4360;1.086157589814507;2.0;2.0;0.0;2.0;2.0;0.0;2.0;0.0;2.0;2.0;0.0;2.0;2.0;2.0;2.0;0.0;0.0;2.0;4.0;2.0;670735.0
352;2021-02-11;4613;1.1089438173148074;2.0;2.0;0.0;2.0;2.0;0.0;2.0;0.0;2.0;2.0;0.0;2.0;2.0;2.0;2.0;0.0;0.0;2.0;4.0;2.0;702667.0
353;2021-02-12;4575;1.1258844588054937;2.0;2.0;0.0;2.0;2.0;0.0;2.0;0.0;2.0;2.0;0.0;2.0;2.0;2.0;2.0;0.0;0.0;2.0;4.0;2.0;734598.0
354;2021-02-13;4309;1.1330300150542858;2.0;2.0;0.0;2.0;2.0;0.0;2.0;0.0;2.0;2.0;0.0;2.0;2.0;2.0;2.0;0.0;0.0;2.0;4.0;2.0;763058.0
355;2021-02-14;4314;1.1285091903477256;2.0;2.0;0.0;2.0;2.0;0.0;2.0;0.0;2.0;2.0;0.0;2.0;2.0;2.0;2.0;0.0;0.0;2.0;4.0;2.0;791515.0
356;2021-02-15;4258;1.1142738062496225;2.0;2.0;0.0;2.0;2.0;0.0;2.0;0.0;2.0;2.0;0.0;2.0;2.0;2.0;2.0;0.0;0.0;2.0;4.0;2.0;823122.0
357;2021-02-16;4359;1.093926969744077;2.0;2.0;0.0;2.0;2.0;0.0;2.0;0.0;2.0;2.0;0.0;2.0;2.0;2.0;2.0;0.0;0.0;2.0;4.0;2.0;854728.0
358;2021-02-17;5081;1.07150504472339;2.0;2.0;0.0;2.0;2.0;0.0;2.0;0.0;2.0;2.0;0.0;2.0;2.0;2.0;2.0;0.0;0.0;2.0;4.0;2.0;890100.0
359;2021-02-18;4684;1.0498284376950535;2.0;2.0;0.0;2.0;2.0;0.0;2.0;0.0;2.0;2.0;0.0;2.0;2.0;2.0;2.0;0.0;0.0;2.0;4.0;2.0;926819.0
360;2021-02-19;4603;1.0305880666243887;2.0;2.0;0.0;2.0;2.0;0.0;2.0;0.0;2.0;2.0;0.0;2.0;2.0;2.0;2.0;0.0;0.0;2.0;4.0;2.0;965829.0
361;2021-02-20;4137;1.0147194033183966;2.0;2.0;0.0;2.0;2.0;0.0;2.0;0.0;2.0;2.0;0.0;2.0;2.0;2.0;2.0;0.0;0.0;2.0;4.0;2.0;1003908.0
362;2021-02-21;4109;1.003045205509421;2.0;2.0;0.0;2.0;2.0;0.0;2.0;0.0;2.0;2.0;0.0;2.0;2.0;2.0;2.0;0.0;0.0;2.0;4.0;2.0;1041982.0
363;2021-02-22;4229;0.9972482203154339;2.0;2.0;0.0;2.0;2.0;0.0;2.0;0.0;2.0;2.0;0.0;2.0;2.0;2.0;2.0;0.0;0.0;2.0;4.0;2.0;1079763.0
364;2021-02-23;4242;0.9976720941475485;2.0;2.0;0.0;2.0;2.0;0.0;2.0;0.0;2.0;2.0;0.0;2.0;2.0;2.0;2.0;0.0;0.0;2.0;4.0;2.0;1123430.0
365;2021-02-24;5051;1.0042459926764906;2.0;2.0;0.0;2.0;2.0;0.0;2.0;0.0;2.0;2.0;0.0;2.0;2.0;2.0;2.0;0.0;0.0;2.0;4.0;2.0;1173992.0
366;2021-02-25;4550;1.0154709829688513;2.0;2.0;0.0;2.0;2.0;0.0;2.0;0.0;2.0;2.0;0.0;2.0;2.0;2.0;2.0;0.0;0.0;2.0;4.0;2.0;1227393.0
367;2021-02-26;4707;1.0295266732000798;2.0;2.0;0.0;2.0;2.0;0.0;2.0;0.0;2.0;2.0;0.0;2.0;2.0;2.0;2.0;0.0;0.0;2.0;4.0;2.0;1285294.0
368;2021-02-27;4365;1.0450215826689677;2.0;2.0;0.0;2.0;2.0;0.0;2.0;0.0;2.0;2.0;0.0;2.0;2.0;2.0;2.0;0.0;0.0;2.0;4.0;2.0;1338194.0
369;2021-02-28;4674;1.0610881577553084;2.0;2.0;0.0;2.0;2.0;0.0;2.0;0.0;2.0;2.0;0.0;2.0;2.0;2.0;2.0;0.0;0.0;2.0;4.0;2.0;1387227.0
370;2021-03-01;4862;1.0782190627185508;2.0;2.0;0.0;2.0;1.0;0.0;2.0;0.0;2.0;2.0;0.0;2.0;2.0;2.0;2.0;0.0;0.0;2.0;4.0;2.0;1432509.0
371;2021-03-02;4946;1.09571867950756;2.0;2.0;0.0;2.0;1.0;0.0;2.0;0.0;2.0;2.0;0.0;2.0;2.0;2.0;2.0;0.0;0.0;2.0;4.0;2.0;1478901.0
372;2021-03-03;5860;1.112752193135077;2.0;2.0;0.0;2.0;1.0;0.0;2.0;0.0;2.0;1.0;0.0;2.0;2.0;2.0;1.0;0.0;0.0;2.0;4.0;2.0;1523551.0
373;2021-03-04;6007;1.1267842152870786;2.0;2.0;0.0;2.0;1.0;0.0;2.0;0.0;2.0;1.0;0.0;2.0;2.0;2.0;1.0;0.0;0.0;2.0;4.0;2.0;1567646.0
374;2021-03-05;6142;1.135351678566145;2.0;2.0;0.0;2.0;1.0;0.0;2.0;0.0;2.0;1.0;0.0;2.0;2.0;2.0;1.0;0.0;0.0;2.0;4.0;2.0;1610007.0
375;2021-03-06;5717;1.1371612782063096;2.0;2.0;0.0;2.0;1.0;0.0;2.0;0.0;2.0;1.0;0.0;2.0;2.0;2.0;1.0;0.0;0.0;2.0;4.0;2.0;1648391.0
376;2021-03-07;5886;1.1322635189809163;2.0;2.0;0.0;2.0;1.0;0.0;2.0;0.0;2.0;1.0;0.0;2.0;2.0;2.0;1.0;0.0;0.0;2.0;4.0;2.0;1682777.0
377;2021-03-08;5954;1.1233614122500204;2.0;2.0;0.0;2.0;1.0;0.0;2.0;0.0;2.0;1.0;0.0;2.0;2.0;2.0;1.0;0.0;0.0;2.0;4.0;2.0;1723864.0
378;2021-03-09;5839;1.113004211058456;2.0;2.0;0.0;2.0;1.0;0.0;2.0;0.0;2.0;1.0;0.0;2.0;2.0;2.0;1.0;0.0;0.0;2.0;4.0;2.0;1765618.0
379;2021-03-10;6881;1.1041408466646159;2.0;2.0;0.0;2.0;1.0;0.0;2.0;0.0;2.0;1.0;0.0;2.0;2.0;2.0;1.0;0.0;0.0;2.0;4.0;2.0;1807417.0
380;2021-03-11;7118;1.0974882435388145;2.0;2.0;0.0;2.0;1.0;0.0;2.0;0.0;2.0;1.0;0.0;2.0;2.0;2.0;1.0;0.0;0.0;2.0;4.0;2.0;1849157.0
381;2021-03-12;7057;1.092599023437252;2.0;2.0;0.0;2.0;1.0;0.0;2.0;0.0;2.0;1.0;0.0;2.0;2.0;2.0;1.0;0.0;0.0;2.0;4.0;2.0;1888710.0
382;2021-03-13;6325;1.0886303428160564;2.0;2.0;0.0;2.0;1.0;0.0;2.0;0.0;2.0;1.0;0.0;2.0;2.0;2.0;1.0;0.0;0.0;2.0;4.0;2.0;1928357.0
383;2021-03-14;6602;1.0843804888198236;2.0;2.0;0.0;2.0;1.0;0.0;2.0;0.0;2.0;1.0;0.0;2.0;2.0;2.0;1.0;0.0;0.0;2.0;4.0;2.0;1967781.0
384;2021-03-15;6952;1.0801976626596748;2.0;2.0;0.0;2.0;1.0;0.0;2.0;0.0;2.0;1.0;0.0;2.0;2.0;2.0;1.0;0.0;0.0;2.0;4.0;2.0;1998204.0
385;2021-03-16;6967;1.0758396831742074;2.0;2.0;0.0;2.0;1.0;0.0;2.0;0.0;2.0;1.0;0.0;2.0;2.0;2.0;1.0;0.0;0.0;2.0;4.0;2.0;2028828.0
386;2021-03-17;7898;1.0712625016105788;2.0;2.0;0.0;2.0;1.0;0.0;2.0;0.0;2.0;1.0;0.0;2.0;2.0;2.0;1.0;0.0;0.0;2.0;4.0;2.0;2059674.0
387;2021-03-18;7867;1.0649295608448848;2.0;2.0;0.0;2.0;1.0;0.0;2.0;0.0;2.0;1.0;0.0;2.0;2.0;2.0;1.0;0.0;0.0;2.0;4.0;2.0;2090408.0
388;2021-03-19;7885;1.055403158351168;2.0;2.0;0.0;2.0;1.0;0.0;2.0;0.0;2.0;1.0;0.0;2.0;2.0;2.0;1.0;0.0;0.0;2.0;4.0;2.0;2120806.0
389;2021-03-20;7055;1.0420752886352436;2.0;2.0;0.0;2.0;1.0;0.0;2.0;0.0;2.0;1.0;0.0;2.0;2.0;2.0;1.0;0.0;0.0;2.0;4.0;2.0;2151199.0
390;2021-03-21;6959;1.0251116049109126;2.0;2.0;0.0;2.0;1.0;0.0;2.0;0.0;2.0;1.0;0.0;2.0;2.0;2.0;1.0;0.0;0.0;2.0;4.0;2.0;2181590.0
391;2021-03-22;6753;1.0072384987851632;2.0;2.0;0.0;2.0;1.0;0.0;2.0;0.0;2.0;1.0;0.0;2.0;2.0;2.0;1.0;0.0;0.0;2.0;4.0;2.0;2211938.0
392;2021-03-23;6593;0.9908725218189776;2.0;2.0;0.0;2.0;1.0;0.0;2.0;0.0;2.0;1.0;0.0;2.0;2.0;2.0;1.0;0.0;0.0;2.0;4.0;2.0;2245919.0
393;2021-03-24;7703;0.9782012923183374;2.0;2.0;0.0;2.0;1.0;0.0;2.0;0.0;2.0;1.0;0.0;2.0;2.0;2.0;1.0;0.0;0.0;2.0;4.0;2.0;2291925.0
394;2021-03-25;7125;0.9700858849520795;2.0;2.0;0.0;2.0;1.0;0.0;2.0;0.0;2.0;1.0;0.0;2.0;2.0;2.0;1.0;0.0;0.0;2.0;4.0;2.0;2337869.0
395;2021-03-26;7083;0.9661952142859743;2.0;2.0;0.0;2.0;1.0;0.0;2.0;0.0;2.0;1.0;0.0;2.0;2.0;2.0;1.0;0.0;0.0;2.0;4.0;2.0;2385592.0
396;2021-03-27;6472;0.9660850141333776;2.0;2.0;0.0;2.0;1.0;0.0;2.0;0.0;2.0;1.0;0.0;2.0;2.0;2.0;1.0;0.0;0.0;2.0;4.0;2.0;2432298.0
397;2021-03-28;6307;0.9694922654767512;2.0;2.0;0.0;2.0;1.0;0.0;2.0;0.0;2.0;1.0;0.0;2.0;2.0;2.0;1.0;0.0;0.0;2.0;4.0;2.0;2479000.0
398;2021-03-29;6412;0.977003411218697;2.0;2.0;0.0;2.0;1.0;0.0;2.0;0.0;2.0;1.0;0.0;2.0;2.0;2.0;1.0;0.0;0.0;2.0;4.0;2.0;2541889.0
399;2021-03-30;6390;0.9888277748803583;2.0;2.0;0.0;2.0;1.0;0.0;2.0;0.0;2.0;1.0;0.0;2.0;2.0;2.0;1.0;0.0;0.0;2.0;4.0;2.0;2608677.0
400;2021-03-31;7019;1.0046706949664759;2.0;2.0;0.0;2.0;1.0;0.0;2.0;0.0;2.0;1.0;0.0;2.0;2.0;2.0;1.0;0.0;0.0;2.0;4.0;2.0;2681143.0
401;2021-04-01;7828;1.022225052178471;2.0;2.0;0.0;2.0;1.0;0.0;2.0;0.0;2.0;1.0;0.0;2.0;2.0;2.0;1.0;0.0;0.0;2.0;4.0;2.0;2753437.0
402;2021-04-02;7784;1.0384681062378966;2.0;2.0;0.0;2.0;1.0;0.0;2.0;0.0;2.0;1.0;0.0;2.0;2.0;2.0;1.0;0.0;0.0;2.0;4.0;2.0;2827949.0
403;2021-04-03;7326;1.0503318894764564;2.0;2.0;0.0;2.0;1.0;0.0;2.0;0.0;2.0;1.0;0.0;2.0;2.0;2.0;1.0;0.0;0.0;2.0;4.0;2.0;2878418.0
404;2021-04-04;7172;1.0558247070205706;2.0;2.0;0.0;2.0;1.0;0.0;2.0;0.0;2.0;1.0;0.0;2.0;2.0;2.0;1.0;0.0;0.0;2.0;4.0;2.0;2927288.0
405;2021-04-05;7182;1.0558853344247352;2.0;2.0;0.0;2.0;1.0;0.0;2.0;0.0;2.0;1.0;0.0;2.0;2.0;2.0;1.0;0.0;0.0;2.0;4.0;2.0;2981553.0
406;2021-04-06;6932;1.052348821810081;2.0;2.0;0.0;2.0;1.0;0.0;2.0;0.0;2.0;1.0;0.0;2.0;2.0;2.0;1.0;0.0;0.0;2.0;4.0;2.0;3063541.0
407;2021-04-07;7941;1.0483975124671434;2.0;2.0;0.0;2.0;1.0;0.0;2.0;0.0;2.0;1.0;0.0;2.0;2.0;2.0;1.0;0.0;0.0;2.0;4.0;2.0;3156503.0
408;2021-04-08;8123;1.0458450779756419;2.0;2.0;0.0;2.0;1.0;0.0;2.0;0.0;2.0;1.0;0.0;2.0;2.0;2.0;1.0;0.0;0.0;2.0;4.0;2.0;3257495.0
409;2021-04-09;8192;1.0449251994131492;2.0;2.0;0.0;2.0;1.0;0.0;2.0;0.0;2.0;1.0;0.0;2.0;2.0;2.0;1.0;0.0;0.0;2.0;4.0;2.0;3363676.0
410;2021-04-10;7544;1.0450882131744363;2.0;2.0;0.0;2.0;1.0;0.0;2.0;0.0;2.0;1.0;0.0;2.0;2.0;2.0;1.0;0.0;0.0;2.0;4.0;2.0;3464778.0
411;2021-04-11;7616;1.0445185014347211;2.0;2.0;0.0;2.0;1.0;0.0;2.0;0.0;2.0;1.0;0.0;2.0;2.0;2.0;1.0;0.0;0.0;2.0;4.0;2.0;3564680.0
412;2021-04-12;7864;1.0424760981798402;2.0;2.0;0.0;2.0;1.0;0.0;2.0;0.0;2.0;1.0;0.0;2.0;2.0;2.0;1.0;0.0;0.0;2.0;4.0;2.0;3682843.0
413;2021-04-13;7992;1.0380571706826387;2.0;2.0;0.0;2.0;1.0;0.0;2.0;0.0;2.0;1.0;0.0;2.0;2.0;2.0;1.0;0.0;0.0;2.0;4.0;2.0;3800899.0
414;2021-04-14;9176;1.0304363283122735;2.0;2.0;0.0;2.0;1.0;0.0;2.0;0.0;2.0;1.0;0.0;2.0;2.0;2.0;1.0;0.0;0.0;2.0;4.0;2.0;3918546.0
415;2021-04-15;8455;1.0188058116454148;2.0;2.0;0.0;2.0;1.0;0.0;2.0;0.0;2.0;1.0;0.0;2.0;2.0;2.0;1.0;0.0;0.0;2.0;4.0;2.0;4033340.0
416;2021-04-16;8104;1.0032823480425437;2.0;2.0;0.0;2.0;1.0;0.0;2.0;0.0;2.0;1.0;0.0;2.0;2.0;2.0;1.0;0.0;0.0;2.0;4.0;2.0;4145360.0
417;2021-04-17;7166;0.9851952412741163;2.0;2.0;0.0;2.0;1.0;0.0;2.0;0.0;2.0;1.0;0.0;2.0;2.0;2.0;1.0;0.0;0.0;2.0;4.0;2.0;4252961.0
418;2021-04-18;6929;0.9672099335832038;2.0;2.0;0.0;2.0;1.0;0.0;2.0;0.0;2.0;1.0;0.0;2.0;2.0;2.0;1.0;0.0;0.0;2.0;4.0;2.0;4358385.0
419;2021-04-19;7002;0.9534796726696586;2.0;2.0;0.0;2.0;1.0;0.0;2.0;0.0;2.0;1.0;0.0;2.0;2.0;2.0;1.0;0.0;0.0;2.0;4.0;2.0;4465186.0
420;2021-04-20;6742;0.9465869350574314;2.0;2.0;0.0;2.0;1.0;0.0;2.0;0.0;2.0;1.0;0.0;2.0;2.0;2.0;1.0;0.0;0.0;2.0;4.0;2.0;4567920.0
421;2021-04-21;7368;0.9480552486011175;2.0;2.0;0.0;2.0;1.0;0.0;2.0;0.0;2.0;1.0;0.0;2.0;2.0;2.0;1.0;0.0;0.0;2.0;4.0;2.0;4659624.0
422;2021-04-22;7247;0.9560866265820326;2.0;2.0;0.0;2.0;1.0;0.0;2.0;0.0;2.0;1.0;0.0;2.0;2.0;2.0;1.0;0.0;0.0;2.0;4.0;2.0;4743612.0
423;2021-04-23;8291;0.9671465942847802;2.0;2.0;0.0;2.0;1.0;0.0;2.0;0.0;2.0;1.0;0.0;2.0;2.0;2.0;1.0;0.0;0.0;2.0;4.0;2.0;4826634.0
424;2021-04-24;7140;0.9771669867878835;2.0;2.0;0.0;2.0;1.0;0.0;2.0;0.0;2.0;1.0;0.0;2.0;2.0;2.0;1.0;0.0;0.0;2.0;4.0;2.0;4909615.0
425;2021-04-25;7147;0.982310702178871;2.0;2.0;0.0;2.0;1.0;0.0;2.0;0.0;2.0;1.0;0.0;2.0;2.0;2.0;1.0;0.0;0.0;2.0;4.0;2.0;4992375.0
426;2021-04-26;6820;0.981546137559342;2.0;2.0;0.0;2.0;1.0;0.0;2.0;0.0;2.0;1.0;0.0;2.0;2.0;2.0;1.0;0.0;0.0;2.0;4.0;2.0;5084304.0
427;2021-04-27;6552;0.9747943876472555;2.0;2.0;0.0;2.0;1.0;0.0;2.0;0.0;2.0;1.0;0.0;2.0;2.0;2.0;1.0;0.0;0.0;2.0;4.0;2.0;5176010.0
428;2021-04-28;7373;0.964072730451144;2.0;2.0;0.0;2.0;1.0;0.0;2.0;0.0;2.0;1.0;0.0;2.0;2.0;2.0;1.0;0.0;0.0;2.0;3.0;2.0;5265860.0
429;2021-04-29;7017;0.9510628784417283;2.0;2.0;0.0;2.0;1.0;0.0;2.0;0.0;2.0;1.0;0.0;2.0;2.0;2.0;1.0;0.0;0.0;2.0;3.0;2.0;5360802.0
430;2021-04-30;6932;0.9368597545518405;2.0;2.0;0.0;2.0;1.0;0.0;2.0;0.0;2.0;1.0;0.0;2.0;2.0;2.0;1.0;0.0;0.0;2.0;3.0;2.0;5455349.0
431;2021-05-01;5921;0.9222657569235138;2.0;2.0;0.0;2.0;1.0;0.0;2.0;0.0;2.0;1.0;0.0;2.0;2.0;2.0;1.0;0.0;0.0;2.0;3.0;2.0;5557642.0
432;2021-05-02;5753;0.9074078655180731;2.0;2.0;0.0;2.0;1.0;0.0;2.0;0.0;2.0;1.0;0.0;2.0;2.0;2.0;1.0;0.0;0.0;2.0;3.0;2.0;5651041.0
433;2021-05-03;5716;0.8932378953378078;2.0;2.0;0.0;2.0;1.0;0.0;2.0;0.0;2.0;1.0;0.0;2.0;2.0;2.0;1.0;0.0;0.0;2.0;3.0;2.0;5757731.0
434;2021-05-04;5336;0.8803686137205674;2.0;2.0;0.0;2.0;1.0;0.0;2.0;0.0;2.0;1.0;0.0;2.0;2.0;2.0;1.0;0.0;0.0;2.0;3.0;2.0;5860446.0
435;2021-05-05;5936;0.869616316889926;2.0;2.0;0.0;2.0;1.0;0.0;2.0;0.0;2.0;1.0;0.0;2.0;2.0;2.0;1.0;0.0;0.0;2.0;3.0;2.0;5980676.0
436;2021-05-06;5365;0.8605120071801092;2.0;2.0;0.0;2.0;1.0;0.0;2.0;0.0;2.0;1.0;0.0;2.0;2.0;2.0;1.0;0.0;0.0;2.0;3.0;2.0;6101271.0
